Timeline,Bundle,Family,ข้อมูลผู้ถือกรมธรรม์,ข้อมูลสมาชิกในกรมธรรม์,Status
90 - 30 วันล่วงหน้า,SCK Personal + SCK Family,กรณีปกติ 1. คนซื้อ + คู่สมรส,,,
90 - 30 วันล่วงหน้า,SCK Personal + SCK Family,กรณีปกติ 2. คนซื้อ + คู่สมรส + ลูก 1,,,
90 - 30 วันล่วงหน้า,SCK Personal + SCK Family,กรณีปกติ 3. คนซื้อ + คู่สมรส + ลูก 2,,,
90 - 30 วันล่วงหน้า,SCK Personal + SCK Family,กรณีปกติ 4. คนซื้อ + ลูก 1,,,
90 - 30 วันล่วงหน้า,SCK Personal + SCK Family,กรณีปกติ 5. คนซื้อ + ลูก 2,,,
90 - 30 วันล่วงหน้า,SCK Personal + SCK Family,กรณีบุตรและคู่สมรสอายุเกิน,,,
90 - 30 วันล่วงหน้า,SCK Personal + SCK Family,กรณีบุตรและคู่สมรสเสียชีวิต,,,
90 - 30 วันล่วงหน้า,SCK Personal + SCK Family,กรณีบุตร 1 คนอายุเกินและคู่สมรสอายุเกิน,,,
90 - 30 วันล่วงหน้า,SCK Personal + SCK Family,กรณีคู่สมรสอายุเกิน,,,
90 - 30 วันล่วงหน้า,SCK Personal + SCK Family,กรณีบุตร 1 คน อายุเกิน,,,
90 - 30 วันล่วงหน้า,SCK Personal + SCK Family,กรณีบุตร 2 คน อายุเกิน,,,
90 - 30 วันล่วงหน้า,SCK Personal + SCK Family,กรณีคู่สมรสเสียชีวิต และบุตรอายุเกิน 1 คน,,,
90 - 30 วันล่วงหน้า,SCK Personal + SCK Family,กรณีคู่สมรสเสียชีวิต และบุตรอายุเกิน 2 คน,,,
90 - 30 วันล่วงหน้า,SCK Personal + SCK Family,กรณีคู่สมรสเสียชีวิต,,,
90 - 30 วันล่วงหน้า,SCK Personal + SCK Family,กรณีบุตรเสียชีวิต,,,
29 - 1 วันล่วงหน้า,SCK Personal + SCK Family,กรณีปกติ 1. คนซื้อ + คู่สมรส,,,
29 - 1 วันล่วงหน้า,SCK Personal + SCK Family,กรณีปกติ 2. คนซื้อ + คู่สมรส + ลูก 1,,,
29 - 1 วันล่วงหน้า,SCK Personal + SCK Family,กรณีปกติ 3. คนซื้อ + คู่สมรส + ลูก 2,,,
29 - 1 วันล่วงหน้า,SCK Personal + SCK Family,กรณีปกติ 4. คนซื้อ + ลูก 1,,,
29 - 1 วันล่วงหน้า,SCK Personal + SCK Family,กรณีปกติ 5. คนซื้อ + ลูก 2,,,
29 - 1 วันล่วงหน้า,SCK Personal + SCK Family,กรณีบุตรและคู่สมรสอายุเกิน,,,
29 - 1 วันล่วงหน้า,SCK Personal + SCK Family,กรณีบุตรและคู่สมรสเสียชีวิต,,,
29 - 1 วันล่วงหน้า,SCK Personal + SCK Family,กรณีบุตร 1 คนอายุเกินและคู่สมรสอายุเกิน,,,
29 - 1 วันล่วงหน้า,SCK Personal + SCK Family,กรณีคู่สมรสอายุเกิน,,,
29 - 1 วันล่วงหน้า,SCK Personal + SCK Family,กรณีบุตร 1 คน อายุเกิน,,,
29 - 1 วันล่วงหน้า,SCK Personal + SCK Family,กรณีบุตร 2 คน อายุเกิน,,,
29 - 1 วันล่วงหน้า,SCK Personal + SCK Family,กรณีคู่สมรสเสียชีวิต และบุตรอายุเกิน 1 คน,,,
29 - 1 วันล่วงหน้า,SCK Personal + SCK Family,กรณีคู่สมรสเสียชีวิต และบุตรอายุเกิน 2 คน,,,
29 - 1 วันล่วงหน้า,SCK Personal + SCK Family,กรณีคู่สมรสเสียชีวิต,,,
29 - 1 วันล่วงหน้า,SCK Personal + SCK Family,กรณีบุตรเสียชีวิต,,,
ภายในวันที่หมดอายุ,SCK Personal + SCK Family,กรณีปกติ 1. คนซื้อ + คู่สมรส,,,
ภายในวันที่หมดอายุ,SCK Personal + SCK Family,กรณีปกติ 2. คนซื้อ + คู่สมรส + ลูก 1,,,
ภายในวันที่หมดอายุ,SCK Personal + SCK Family,กรณีปกติ 3. คนซื้อ + คู่สมรส + ลูก 2,,,
ภายในวันที่หมดอายุ,SCK Personal + SCK Family,กรณีปกติ 4. คนซื้อ + ลูก 1,,,
ภายในวันที่หมดอายุ,SCK Personal + SCK Family,กรณีปกติ 5. คนซื้อ + ลูก 2,,,
ภายในวันที่หมดอายุ,SCK Personal + SCK Family,กรณีบุตรและคู่สมรสอายุเกิน,,,
ภายในวันที่หมดอายุ,SCK Personal + SCK Family,กรณีบุตรและคู่สมรสเสียชีวิต,,,
ภายในวันที่หมดอายุ,SCK Personal + SCK Family,กรณีบุตร 1 คนอายุเกินและคู่สมรสอายุเกิน,,,
ภายในวันที่หมดอายุ,SCK Personal + SCK Family,กรณีคู่สมรสอายุเกิน,,,
ภายในวันที่หมดอายุ,SCK Personal + SCK Family,กรณีบุตร 1 คน อายุเกิน,,,
ภายในวันที่หมดอายุ,SCK Personal + SCK Family,กรณีบุตร 2 คน อายุเกิน,,,
ภายในวันที่หมดอายุ,SCK Personal + SCK Family,กรณีคู่สมรสเสียชีวิต และบุตรอายุเกิน 1 คน,,,
ภายในวันที่หมดอายุ,SCK Personal + SCK Family,กรณีคู่สมรสเสียชีวิต และบุตรอายุเกิน 2 คน,,,
ภายในวันที่หมดอายุ,SCK Personal + SCK Family,กรณีคู่สมรสเสียชีวิต,,,
ภายในวันที่หมดอายุ,SCK Personal + SCK Family,กรณีบุตรเสียชีวิต,,,
ภายในวันที่หมดอายุ,SCK Personal + SCK Family,กรณีปกติ 1. คนซื้อ + คู่สมรส,,,
ภายในวันที่หมดอายุ,SCK Personal + SCK Family,กรณีปกติ 2. คนซื้อ + คู่สมรส + ลูก 1,,,
ภายในวันที่หมดอายุ,SCK Personal + SCK Family,กรณีปกติ 3. คนซื้อ + คู่สมรส + ลูก 2,,,
ภายในวันที่หมดอายุ,SCK Personal + SCK Family,กรณีปกติ 4. คนซื้อ + ลูก 1,,,
ภายในวันที่หมดอายุ,SCK Personal + SCK Family,กรณีปกติ 5. คนซื้อ + ลูก 2,,,
ภายในวันที่หมดอายุ,SCK Personal + SCK Family,กรณีบุตรและคู่สมรสอายุเกิน,,,
ภายในวันที่หมดอายุ,SCK Personal + SCK Family,กรณีบุตรและคู่สมรสเสียชีวิต,,,
ภายในวันที่หมดอายุ,SCK Personal + SCK Family,กรณีบุตร 1 คนอายุเกินและคู่สมรสอายุเกิน,,,
ภายในวันที่หมดอายุ,SCK Personal + SCK Family,กรณีคู่สมรสอายุเกิน,,,
ภายในวันที่หมดอายุ,SCK Personal + SCK Family,กรณีบุตร 1 คน อายุเกิน,,,
ภายในวันที่หมดอายุ,SCK Personal + SCK Family,กรณีบุตร 2 คน อายุเกิน,,,
ภายในวันที่หมดอายุ,SCK Personal + SCK Family,กรณีคู่สมรสเสียชีวิต และบุตรอายุเกิน 1 คน,,,
ภายในวันที่หมดอายุ,SCK Personal + SCK Family,กรณีคู่สมรสเสียชีวิต และบุตรอายุเกิน 2 คน,,,
ภายในวันที่หมดอายุ,SCK Personal + SCK Family,กรณีคู่สมรสเสียชีวิต,,,
ภายในวันที่หมดอายุ,SCK Personal + SCK Family,กรณีบุตรเสียชีวิต,,,
90 - 30 วันล่วงหน้า,SCK Personal,,,,
90 - 30 วันล่วงหน้า,SCK Personal,,,,
90 - 30 วันล่วงหน้า,SCK Personal,,,,
90 - 30 วันล่วงหน้า,SCK Personal,,,,
90 - 30 วันล่วงหน้า,SCK Personal,,,,
90 - 30 วันล่วงหน้า,SCK Personal,,,,
90 - 30 วันล่วงหน้า,SCK Personal,,,,
90 - 30 วันล่วงหน้า,SCK Personal,,,,
90 - 30 วันล่วงหน้า,SCK Personal,,,,
90 - 30 วันล่วงหน้า,SCK Personal,,,,
90 - 30 วันล่วงหน้า,SCK Personal,,,,
90 - 30 วันล่วงหน้า,SCK Personal,,,,
90 - 30 วันล่วงหน้า,SCK Personal,,,,
90 - 30 วันล่วงหน้า,SCK Personal,,,,
90 - 30 วันล่วงหน้า,SCK Personal,,,,
29 - 1 วันล่วงหน้า,SCK Personal,,,,
29 - 1 วันล่วงหน้า,SCK Personal,,,,
29 - 1 วันล่วงหน้า,SCK Personal,,,,
29 - 1 วันล่วงหน้า,SCK Personal,,,,
29 - 1 วันล่วงหน้า,SCK Personal,,,,
29 - 1 วันล่วงหน้า,SCK Personal,,,,
29 - 1 วันล่วงหน้า,SCK Personal,,,,
29 - 1 วันล่วงหน้า,SCK Personal,,,,
29 - 1 วันล่วงหน้า,SCK Personal,,,,
29 - 1 วันล่วงหน้า,SCK Personal,,,,
29 - 1 วันล่วงหน้า,SCK Personal,,,,
29 - 1 วันล่วงหน้า,SCK Personal,,,,
29 - 1 วันล่วงหน้า,SCK Personal,,,,
29 - 1 วันล่วงหน้า,SCK Personal,,,,
29 - 1 วันล่วงหน้า,SCK Personal,,,,
ภายในวันที่หมดอายุ,SCK Personal,,,,
ภายในวันที่หมดอายุ,SCK Personal,,,,
ภายในวันที่หมดอายุ,SCK Personal,,,,
ภายในวันที่หมดอายุ,SCK Personal,,,,
ภายในวันที่หมดอายุ,SCK Personal,,,,
ภายในวันที่หมดอายุ,SCK Personal,,,,
ภายในวันที่หมดอายุ,SCK Personal,,,,
ภายในวันที่หมดอายุ,SCK Personal,,,,
ภายในวันที่หมดอายุ,SCK Personal,,,,
ภายในวันที่หมดอายุ,SCK Personal,,,,
ภายในวันที่หมดอายุ,SCK Personal,,,,
ภายในวันที่หมดอายุ,SCK Personal,,,,
ภายในวันที่หมดอายุ,SCK Personal,,,,
ภายในวันที่หมดอายุ,SCK Personal,,,,
ภายในวันที่หมดอายุ,SCK Personal,,,,
ภายในวันที่หมดอายุ,SCK Personal,,,,
ภายในวันที่หมดอายุ,SCK Personal,,,,
ภายในวันที่หมดอายุ,SCK Personal,,,,
ภายในวันที่หมดอายุ,SCK Personal,,,,
ภายในวันที่หมดอายุ,SCK Personal,,,,
ภายในวันที่หมดอายุ,SCK Personal,,,,
ภายในวันที่หมดอายุ,SCK Personal,,,,
ภายในวันที่หมดอายุ,SCK Personal,,,,
ภายในวันที่หมดอายุ,SCK Personal,,,,
ภายในวันที่หมดอายุ,SCK Personal,,,,
ภายในวันที่หมดอายุ,SCK Personal,,,,
ภายในวันที่หมดอายุ,SCK Personal,,,,
ภายในวันที่หมดอายุ,SCK Personal,,,,
ภายในวันที่หมดอายุ,SCK Personal,,,,
ภายในวันที่หมดอายุ,SCK Personal,,,,