Timeline,Bundle,Family,ข้อมูลผู้ถือกรมธรรม์,ข้อมูลสมาชิกในกรมธรรม์,Status
90 - 30 วันล่วงหน้า,SCK Personal + SCK Family,กรณีปกติ 1. คนซื้อ + คู่สมรส,"ชื่อ: ยุศรอน ทองเนื้อดี
เลขบัตรประชาชน: 7321920601133
เบอร์โทรศัพท์: 0853633102
อีเมล: steven@email.com
ว/ด/ป เกิด: 18 กรกฎาคม 2545
อายุ: 24 ปี 28 วัน","คู่สมรส: มีชีวิต
ชื่อ: ธเนษฐ ถนอมมนุษย์
ว/ด/ป เกิด: 5 มกราคม 2541
อายุ: 28 ปี 222 วัน","จำนวนวันที่ต่ออายุล่วงหน้า: 88 วัน
วันที่ต่ออายุ: 15 สิงหาคม 2569
วันสิ้นสุดความคุ้มครอง: 11 พฤศจิกายน 2569
วันเริ่มสัญญาฉบับปัจจุบัน: 11 พฤศจิกายน 2568"
90 - 30 วันล่วงหน้า,SCK Personal + SCK Family,กรณีปกติ 2. คนซื้อ + คู่สมรส + ลูก 1,"ชื่อ: พิพิธธน นุชแนวนุ่ม
เลขบัตรประชาชน: 6235257331729
เบอร์โทรศัพท์: 0891567439
อีเมล: ebony@email.com
ว/ด/ป เกิด: 20 ตุลาคม 2545
อายุ: 23 ปี 299 วัน","คู่สมรส: มีชีวิต
ชื่อ: ไพสิฐ ธรรมนิยม
ว/ด/ป เกิด: 2 กรกฎาคม 2543
อายุ: 26 ปี 44 วัน

บุตรคนที่ 1: มีชีวิต
ชื่อ: วรรณรัตน์ ดัตพันธุ์
ว/ด/ป เกิด: 27 มิถุนายน 2558
อายุ: 11 ปี 49 วัน","จำนวนวันที่ต่ออายุล่วงหน้า: 82 วัน
วันที่ต่ออายุ: 15 สิงหาคม 2569
วันสิ้นสุดความคุ้มครอง: 5 พฤศจิกายน 2569
วันเริ่มสัญญาฉบับปัจจุบัน: 5 พฤศจิกายน 2568"
90 - 30 วันล่วงหน้า,SCK Personal + SCK Family,กรณีปกติ 3. คนซื้อ + คู่สมรส + ลูก 2,"ชื่อ: บุญเทียน พงศ์ฉบับนภา
เลขบัตรประชาชน: 2332155685461
เบอร์โทรศัพท์: 0896822704
อีเมล: john@email.com
ว/ด/ป เกิด: 28 มีนาคม 2541
อายุ: 28 ปี 140 วัน","คู่สมรส: มีชีวิต
ชื่อ: ยศวัฒน์ ฉัพพรรณธนกูร
ว/ด/ป เกิด: 25 มิถุนายน 2549
อายุ: 20 ปี 51 วัน

บุตรคนที่ 1: มีชีวิต
ชื่อ: วันชนก นุ่มกัน
ว/ด/ป เกิด: 3 กรกฎาคม 2564
อายุ: 5 ปี 43 วัน

บุตรคนที่ 2: มีชีวิต
ชื่อ: ธีรลักษณ์ แท่นทอง
ว/ด/ป เกิด: 16 กุมภาพันธ์ 2557
อายุ: 12 ปี 180 วัน","จำนวนวันที่ต่ออายุล่วงหน้า: 64 วัน
วันที่ต่ออายุ: 15 สิงหาคม 2569
วันสิ้นสุดความคุ้มครอง: 18 ตุลาคม 2569
วันเริ่มสัญญาฉบับปัจจุบัน: 18 ตุลาคม 2568"
90 - 30 วันล่วงหน้า,SCK Personal + SCK Family,กรณีปกติ 4. คนซื้อ + ลูก 1,"ชื่อ: ยุภา ธนประทีป
เลขบัตรประชาชน: 9866293551601
เบอร์โทรศัพท์: 0894824375
อีเมล: mitchell@email.com
ว/ด/ป เกิด: 11 สิงหาคม 2546
อายุ: 23 ปี 4 วัน","บุตรคนที่ 1: มีชีวิต
ชื่อ: ฮานาฟี ไตรบรรพ
ว/ด/ป เกิด: 20 ธันวาคม 2566
อายุ: 2 ปี 238 วัน","จำนวนวันที่ต่ออายุล่วงหน้า: 35 วัน
วันที่ต่ออายุ: 15 สิงหาคม 2569
วันสิ้นสุดความคุ้มครอง: 19 กันยายน 2569
วันเริ่มสัญญาฉบับปัจจุบัน: 19 กันยายน 2568"
90 - 30 วันล่วงหน้า,SCK Personal + SCK Family,กรณีปกติ 5. คนซื้อ + ลูก 2,"ชื่อ: กษิดิฐ ประจันตะเสน
เลขบัตรประชาชน: 1461086685657
เบอร์โทรศัพท์: 0892794585
อีเมล: richard@email.com
ว/ด/ป เกิด: 2 กุมภาพันธ์ 2546
อายุ: 23 ปี 194 วัน","บุตรคนที่ 1: มีชีวิต
ชื่อ: จีราภรณ์ พานเกล้า
ว/ด/ป เกิด: 21 ธันวาคม 2559
อายุ: 9 ปี 237 วัน

บุตรคนที่ 2: มีชีวิต
ชื่อ: พีระพงศ์พันธ์ ฉายแสง
ว/ด/ป เกิด: 6 มีนาคม 2558
อายุ: 11 ปี 162 วัน","จำนวนวันที่ต่ออายุล่วงหน้า: 31 วัน
วันที่ต่ออายุ: 15 สิงหาคม 2569
วันสิ้นสุดความคุ้มครอง: 15 กันยายน 2569
วันเริ่มสัญญาฉบับปัจจุบัน: 15 กันยายน 2568"
90 - 30 วันล่วงหน้า,SCK Personal + SCK Family,กรณีบุตรและคู่สมรสอายุเกิน,"ชื่อ: ประจิน ไทยแท้
เลขบัตรประชาชน: 4905164477887
เบอร์โทรศัพท์: 0886895885
อีเมล: raymond@email.com
ว/ด/ป เกิด: 28 กันยายน 2541
อายุ: 27 ปี 321 วัน","คู่สมรส: มีชีวิต
ชื่อ: ปัณณวัชร นวลฉวี
ว/ด/ป เกิด: 29 พฤศจิกายน 2503
อายุ: 65 ปี 259 วัน

บุตรคนที่ 1: มีชีวิต
ชื่อ: รักชนก นามขำ
ว/ด/ป เกิด: 23 พฤศจิกายน 2553
อายุ: 15 ปี 265 วัน","จำนวนวันที่ต่ออายุล่วงหน้า: 71 วัน
วันที่ต่ออายุ: 15 สิงหาคม 2569
วันสิ้นสุดความคุ้มครอง: 25 ตุลาคม 2569
วันเริ่มสัญญาฉบับปัจจุบัน: 25 ตุลาคม 2568"
90 - 30 วันล่วงหน้า,SCK Personal + SCK Family,กรณีบุตรและคู่สมรสเสียชีวิต,"ชื่อ: ธาเอก ซาซุม
เลขบัตรประชาชน: 3397048674905
เบอร์โทรศัพท์: 0832232175
อีเมล: stephen@email.com
ว/ด/ป เกิด: 2 พฤษภาคม 2541
อายุ: 28 ปี 105 วัน","คู่สมรส: เสียชีวิต
ชื่อ: อำไพ ยางสวย
ว/ด/ป เกิด: 21 กันยายน 2539
อายุ: 29 ปี 328 วัน

บุตรคนที่ 1: เสียชีวิต
ชื่อ: นพรัตน์ ติระคมน์
ว/ด/ป เกิด: 12 พฤศจิกายน 2561
อายุ: 7 ปี 276 วัน","จำนวนวันที่ต่ออายุล่วงหน้า: 81 วัน
วันที่ต่ออายุ: 15 สิงหาคม 2569
วันสิ้นสุดความคุ้มครอง: 4 พฤศจิกายน 2569
วันเริ่มสัญญาฉบับปัจจุบัน: 4 พฤศจิกายน 2568"
90 - 30 วันล่วงหน้า,SCK Personal + SCK Family,กรณีบุตร 1 คนอายุเกินและคู่สมรสอายุเกิน,"ชื่อ: พลภูมิ นามขำ
เลขบัตรประชาชน: 3212208812681
เบอร์โทรศัพท์: 0896838243
อีเมล: sean@email.com
ว/ด/ป เกิด: 20 พฤศจิกายน 2543
อายุ: 25 ปี 268 วัน","คู่สมรส: มีชีวิต
ชื่อ: ชัชเวศย์ บุนยะศัพท์
ว/ด/ป เกิด: 18 มกราคม 2504
อายุ: 65 ปี 209 วัน

บุตรคนที่ 1: มีชีวิต
ชื่อ: ฐิติณัฐฐา เขียวอ่อน
ว/ด/ป เกิด: 19 พฤศจิกายน 2553
อายุ: 15 ปี 269 วัน","จำนวนวันที่ต่ออายุล่วงหน้า: 43 วัน
วันที่ต่ออายุ: 15 สิงหาคม 2569
วันสิ้นสุดความคุ้มครอง: 27 กันยายน 2569
วันเริ่มสัญญาฉบับปัจจุบัน: 27 กันยายน 2568"
90 - 30 วันล่วงหน้า,SCK Personal + SCK Family,กรณีคู่สมรสอายุเกิน,"ชื่อ: มณียา เตชะกำพุ
เลขบัตรประชาชน: 3214968805937
เบอร์โทรศัพท์: 0819394433
อีเมล: michael@email.com
ว/ด/ป เกิด: 5 เมษายน 2544
อายุ: 25 ปี 132 วัน","คู่สมรส: มีชีวิต
ชื่อ: ปิยนุช นฤภัย
ว/ด/ป เกิด: 6 กุมภาพันธ์ 2504
อายุ: 65 ปี 190 วัน","จำนวนวันที่ต่ออายุล่วงหน้า: 65 วัน
วันที่ต่ออายุ: 15 สิงหาคม 2569
วันสิ้นสุดความคุ้มครอง: 19 ตุลาคม 2569
วันเริ่มสัญญาฉบับปัจจุบัน: 19 ตุลาคม 2568"
90 - 30 วันล่วงหน้า,SCK Personal + SCK Family,กรณีบุตร 1 คน อายุเกิน,"ชื่อ: ธวัศชา บุญบำรุง
เลขบัตรประชาชน: 6892634817438
เบอร์โทรศัพท์: 0890266705
อีเมล: melissa@email.com
ว/ด/ป เกิด: 29 มิถุนายน 2548
อายุ: 21 ปี 47 วัน","บุตรคนที่ 1: มีชีวิต
ชื่อ: ศรินยา ดวงทับทิม
ว/ด/ป เกิด: 1 กรกฎาคม 2554
อายุ: 15 ปี 45 วัน","จำนวนวันที่ต่ออายุล่วงหน้า: 89 วัน
วันที่ต่ออายุ: 15 สิงหาคม 2569
วันสิ้นสุดความคุ้มครอง: 12 พฤศจิกายน 2569
วันเริ่มสัญญาฉบับปัจจุบัน: 12 พฤศจิกายน 2568"
90 - 30 วันล่วงหน้า,SCK Personal + SCK Family,กรณีบุตร 2 คน อายุเกิน,"ชื่อ: อินทรีย์ เธียรายัน
เลขบัตรประชาชน: 1580177989002
เบอร์โทรศัพท์: 0856214471
อีเมล: angel@email.com
ว/ด/ป เกิด: 19 ธันวาคม 2539
อายุ: 29 ปี 239 วัน","บุตรคนที่ 1: มีชีวิต
ชื่อ: ชิดชนก ถ้วนศรี
ว/ด/ป เกิด: 10 พฤศจิกายน 2553
อายุ: 15 ปี 278 วัน

บุตรคนที่ 2: มีชีวิต
ชื่อ: ปิยวดี ศิวะวรเวท
ว/ด/ป เกิด: 27 กุมภาพันธ์ 2554
อายุ: 15 ปี 169 วัน","จำนวนวันที่ต่ออายุล่วงหน้า: 59 วัน
วันที่ต่ออายุ: 15 สิงหาคม 2569
วันสิ้นสุดความคุ้มครอง: 13 ตุลาคม 2569
วันเริ่มสัญญาฉบับปัจจุบัน: 13 ตุลาคม 2568"
90 - 30 วันล่วงหน้า,SCK Personal + SCK Family,กรณีคู่สมรสเสียชีวิต และบุตรอายุเกิน 1 คน,"ชื่อ: เขมจิรา ประจันตะเสน
เลขบัตรประชาชน: 9490043796362
เบอร์โทรศัพท์: 0847927275
อีเมล: vincent@email.com
ว/ด/ป เกิด: 20 กันยายน 2541
อายุ: 27 ปี 329 วัน","คู่สมรส: เสียชีวิต
ชื่อ: พรรณปพร เลิศกิ่ง
ว/ด/ป เกิด: 16 มกราคม 2545
อายุ: 24 ปี 211 วัน

บุตรคนที่ 1: มีชีวิต
ชื่อ: ชรินทร์ทิพย์ ถนัดรบ
ว/ด/ป เกิด: 14 มกราคม 2554
อายุ: 15 ปี 213 วัน","จำนวนวันที่ต่ออายุล่วงหน้า: 35 วัน
วันที่ต่ออายุ: 15 สิงหาคม 2569
วันสิ้นสุดความคุ้มครอง: 19 กันยายน 2569
วันเริ่มสัญญาฉบับปัจจุบัน: 19 กันยายน 2568"
90 - 30 วันล่วงหน้า,SCK Personal + SCK Family,กรณีคู่สมรสเสียชีวิต และบุตรอายุเกิน 2 คน,"ชื่อ: จิณภัทตา ทองสีไพล
เลขบัตรประชาชน: 9778493105870
เบอร์โทรศัพท์: 0890308658
อีเมล: becky@email.com
ว/ด/ป เกิด: 16 ธันวาคม 2541
อายุ: 27 ปี 242 วัน","คู่สมรส: เสียชีวิต
ชื่อ: นรีกานต์ ประจันตะเสน
ว/ด/ป เกิด: 22 ธันวาคม 2547
อายุ: 21 ปี 236 วัน

บุตรคนที่ 1: มีชีวิต
ชื่อ: บุญพา นิลวรรณ
ว/ด/ป เกิด: 6 กรกฎาคม 2554
อายุ: 15 ปี 40 วัน

บุตรคนที่ 2: มีชีวิต
ชื่อ: ภัคศุภางค์ ดาบเงิน
ว/ด/ป เกิด: 12 ธันวาคม 2553
อายุ: 15 ปี 246 วัน","จำนวนวันที่ต่ออายุล่วงหน้า: 61 วัน
วันที่ต่ออายุ: 15 สิงหาคม 2569
วันสิ้นสุดความคุ้มครอง: 15 ตุลาคม 2569
วันเริ่มสัญญาฉบับปัจจุบัน: 15 ตุลาคม 2568"
90 - 30 วันล่วงหน้า,SCK Personal + SCK Family,กรณีคู่สมรสเสียชีวิต,"ชื่อ: อนุบาล ไทยสุชาต
เลขบัตรประชาชน: 9035449512833
เบอร์โทรศัพท์: 0864668804
อีเมล: peggy@email.com
ว/ด/ป เกิด: 28 พฤษภาคม 2544
อายุ: 25 ปี 79 วัน","คู่สมรส: เสียชีวิต
ชื่อ: วรรณนิสา ถนัดการยนต์
ว/ด/ป เกิด: 31 มกราคม 2541
อายุ: 28 ปี 196 วัน","จำนวนวันที่ต่ออายุล่วงหน้า: 51 วัน
วันที่ต่ออายุ: 15 สิงหาคม 2569
วันสิ้นสุดความคุ้มครอง: 5 ตุลาคม 2569
วันเริ่มสัญญาฉบับปัจจุบัน: 5 ตุลาคม 2568"
90 - 30 วันล่วงหน้า,SCK Personal + SCK Family,กรณีบุตรเสียชีวิต,"ชื่อ: ศดิศ ทำประดู่
เลขบัตรประชาชน: 6370784261349
เบอร์โทรศัพท์: 0806732943
อีเมล: megan@email.com
ว/ด/ป เกิด: 18 ตุลาคม 2543
อายุ: 25 ปี 301 วัน","บุตรคนที่ 1: เสียชีวิต
ชื่อ: เอกอธิพงษ์ สงประเสริฐ
ว/ด/ป เกิด: 21 ตุลาคม 2560
อายุ: 8 ปี 298 วัน","จำนวนวันที่ต่ออายุล่วงหน้า: 33 วัน
วันที่ต่ออายุ: 15 สิงหาคม 2569
วันสิ้นสุดความคุ้มครอง: 17 กันยายน 2569
วันเริ่มสัญญาฉบับปัจจุบัน: 17 กันยายน 2568"
29 - 1 วันล่วงหน้า,SCK Personal + SCK Family,กรณีปกติ 1. คนซื้อ + คู่สมรส,"ชื่อ: อลิษา ถนัดกลึง
เลขบัตรประชาชน: 4163194049226
เบอร์โทรศัพท์: 0885014676
อีเมล: mary@email.com
ว/ด/ป เกิด: 17 มีนาคม 2545
อายุ: 24 ปี 151 วัน","คู่สมรส: มีชีวิต
ชื่อ: ซูรัยดา ทวนทอง
ว/ด/ป เกิด: 5 ธันวาคม 2542
อายุ: 26 ปี 253 วัน","จำนวนวันที่ต่ออายุล่วงหน้า: 29 วัน
วันที่ต่ออายุ: 15 สิงหาคม 2569
วันสิ้นสุดความคุ้มครอง: 13 กันยายน 2569
วันเริ่มสัญญาฉบับปัจจุบัน: 13 กันยายน 2568"
29 - 1 วันล่วงหน้า,SCK Personal + SCK Family,กรณีปกติ 2. คนซื้อ + คู่สมรส + ลูก 1,"ชื่อ: อัญชิษฐา ทับทิมไทย
เลขบัตรประชาชน: 8836433748099
เบอร์โทรศัพท์: 0862977592
อีเมล: kenneth@email.com
ว/ด/ป เกิด: 9 สิงหาคม 2540
อายุ: 29 ปี 6 วัน","คู่สมรส: มีชีวิต
ชื่อ: สมหมาย แถมธน
ว/ด/ป เกิด: 26 ตุลาคม 2543
อายุ: 25 ปี 293 วัน

บุตรคนที่ 1: มีชีวิต
ชื่อ: ณิชาภัทร ดาบเพ็ชร์
ว/ด/ป เกิด: 5 ตุลาคม 2567
อายุ: 1 ปี 314 วัน","จำนวนวันที่ต่ออายุล่วงหน้า: 11 วัน
วันที่ต่ออายุ: 15 สิงหาคม 2569
วันสิ้นสุดความคุ้มครอง: 26 สิงหาคม 2569
วันเริ่มสัญญาฉบับปัจจุบัน: 26 สิงหาคม 2568"
29 - 1 วันล่วงหน้า,SCK Personal + SCK Family,กรณีปกติ 3. คนซื้อ + คู่สมรส + ลูก 2,"ชื่อ: ยูซุฟ คณานุรักษ์
เลขบัตรประชาชน: 1399583291191
เบอร์โทรศัพท์: 0882777189
อีเมล: christina@email.com
ว/ด/ป เกิด: 21 มิถุนายน 2544
อายุ: 25 ปี 55 วัน","คู่สมรส: มีชีวิต
ชื่อ: อาฮามัด ถนัดภาษา
ว/ด/ป เกิด: 22 มกราคม 2543
อายุ: 26 ปี 205 วัน

บุตรคนที่ 1: มีชีวิต
ชื่อ: ณิชเชฏฐ์ นำธวัช
ว/ด/ป เกิด: 8 กรกฎาคม 2557
อายุ: 12 ปี 38 วัน

บุตรคนที่ 2: มีชีวิต
ชื่อ: นพรัตน์ นาคสุทิน
ว/ด/ป เกิด: 10 ตุลาคม 2565
อายุ: 3 ปี 309 วัน","จำนวนวันที่ต่ออายุล่วงหน้า: 19 วัน
วันที่ต่ออายุ: 15 สิงหาคม 2569
วันสิ้นสุดความคุ้มครอง: 3 กันยายน 2569
วันเริ่มสัญญาฉบับปัจจุบัน: 3 กันยายน 2568"
29 - 1 วันล่วงหน้า,SCK Personal + SCK Family,กรณีปกติ 4. คนซื้อ + ลูก 1,"ชื่อ: ภัคศุภางค์ ธุวะนุติ์
เลขบัตรประชาชน: 6644896432014
เบอร์โทรศัพท์: 0825770025
อีเมล: elizabeth@email.com
ว/ด/ป เกิด: 22 มิถุนายน 2540
อายุ: 29 ปี 54 วัน","บุตรคนที่ 1: มีชีวิต
ชื่อ: ฐิติณัฐฐา ไทนิยม
ว/ด/ป เกิด: 24 สิงหาคม 2561
อายุ: 7 ปี 356 วัน","จำนวนวันที่ต่ออายุล่วงหน้า: 6 วัน
วันที่ต่ออายุ: 15 สิงหาคม 2569
วันสิ้นสุดความคุ้มครอง: 21 สิงหาคม 2569
วันเริ่มสัญญาฉบับปัจจุบัน: 21 สิงหาคม 2568"
29 - 1 วันล่วงหน้า,SCK Personal + SCK Family,กรณีปกติ 5. คนซื้อ + ลูก 2,"ชื่อ: ธีร์ธวันาย ด้วงโสน
เลขบัตรประชาชน: 5710195670846
เบอร์โทรศัพท์: 0801688675
อีเมล: derek@email.com
ว/ด/ป เกิด: 20 กรกฎาคม 2549
อายุ: 20 ปี 26 วัน","บุตรคนที่ 1: มีชีวิต
ชื่อ: อรรจน์ ซูสารอ
ว/ด/ป เกิด: 30 ธันวาคม 2559
อายุ: 9 ปี 228 วัน

บุตรคนที่ 2: มีชีวิต
ชื่อ: กุลดิลก เช้าวันดี
ว/ด/ป เกิด: 1 ธันวาคม 2557
อายุ: 11 ปี 257 วัน","จำนวนวันที่ต่ออายุล่วงหน้า: 19 วัน
วันที่ต่ออายุ: 15 สิงหาคม 2569
วันสิ้นสุดความคุ้มครอง: 3 กันยายน 2569
วันเริ่มสัญญาฉบับปัจจุบัน: 3 กันยายน 2568"
29 - 1 วันล่วงหน้า,SCK Personal + SCK Family,กรณีบุตรและคู่สมรสอายุเกิน,"ชื่อ: ประเดิม พรสีมา
เลขบัตรประชาชน: 6875427541821
เบอร์โทรศัพท์: 0852319923
อีเมล: michael@email.com
ว/ด/ป เกิด: 9 ตุลาคม 2545
อายุ: 23 ปี 310 วัน","คู่สมรส: มีชีวิต
ชื่อ: วรดาพร ทับทิมไทย
ว/ด/ป เกิด: 13 มิถุนายน 2504
อายุ: 65 ปี 63 วัน

บุตรคนที่ 1: มีชีวิต
ชื่อ: ภานุวัตร ถนัดรักษา
ว/ด/ป เกิด: 13 เมษายน 2554
อายุ: 15 ปี 124 วัน","จำนวนวันที่ต่ออายุล่วงหน้า: 29 วัน
วันที่ต่ออายุ: 15 สิงหาคม 2569
วันสิ้นสุดความคุ้มครอง: 13 กันยายน 2569
วันเริ่มสัญญาฉบับปัจจุบัน: 13 กันยายน 2568"
29 - 1 วันล่วงหน้า,SCK Personal + SCK Family,กรณีบุตรและคู่สมรสเสียชีวิต,"ชื่อ: พีรภัทร์ ถนิมมาศ
เลขบัตรประชาชน: 8956640765583
เบอร์โทรศัพท์: 0853886194
อีเมล: sarah@email.com
ว/ด/ป เกิด: 1 กรกฎาคม 2540
อายุ: 29 ปี 45 วัน","คู่สมรส: เสียชีวิต
ชื่อ: เกียรติก้อง ทองสุกเลิศ
ว/ด/ป เกิด: 12 กรกฎาคม 2542
อายุ: 27 ปี 34 วัน

บุตรคนที่ 1: เสียชีวิต
ชื่อ: ณภัทร ดุริยพันธุ์
ว/ด/ป เกิด: 5 มิถุนายน 2563
อายุ: 6 ปี 71 วัน","จำนวนวันที่ต่ออายุล่วงหน้า: 2 วัน
วันที่ต่ออายุ: 15 สิงหาคม 2569
วันสิ้นสุดความคุ้มครอง: 17 สิงหาคม 2569
วันเริ่มสัญญาฉบับปัจจุบัน: 17 สิงหาคม 2568"
29 - 1 วันล่วงหน้า,SCK Personal + SCK Family,กรณีบุตร 1 คนอายุเกินและคู่สมรสอายุเกิน,"ชื่อ: ประภัทร์สรณ์ นิระหานี
เลขบัตรประชาชน: 3639522664960
เบอร์โทรศัพท์: 0832454082
อีเมล: jimmy@email.com
ว/ด/ป เกิด: 15 กุมภาพันธ์ 2544
อายุ: 25 ปี 181 วัน","คู่สมรส: มีชีวิต
ชื่อ: ฮามีย๊ะ ตันตราจิณ
ว/ด/ป เกิด: 31 สิงหาคม 2503
อายุ: 65 ปี 349 วัน

บุตรคนที่ 1: มีชีวิต
ชื่อ: เถลิงยศ ยะผา
ว/ด/ป เกิด: 31 กรกฎาคม 2554
อายุ: 15 ปี 15 วัน","จำนวนวันที่ต่ออายุล่วงหน้า: 12 วัน
วันที่ต่ออายุ: 15 สิงหาคม 2569
วันสิ้นสุดความคุ้มครอง: 27 สิงหาคม 2569
วันเริ่มสัญญาฉบับปัจจุบัน: 27 สิงหาคม 2568"
29 - 1 วันล่วงหน้า,SCK Personal + SCK Family,กรณีคู่สมรสอายุเกิน,"ชื่อ: วิถี ศิวะวรเวท
เลขบัตรประชาชน: 7344486985189
เบอร์โทรศัพท์: 0887748737
อีเมล: adam@email.com
ว/ด/ป เกิด: 29 พฤษภาคม 2546
อายุ: 23 ปี 78 วัน","คู่สมรส: มีชีวิต
ชื่อ: จีราภรณ์ ทองอยู่
ว/ด/ป เกิด: 12 ตุลาคม 2503
อายุ: 65 ปี 307 วัน","จำนวนวันที่ต่ออายุล่วงหน้า: 5 วัน
วันที่ต่ออายุ: 15 สิงหาคม 2569
วันสิ้นสุดความคุ้มครอง: 20 สิงหาคม 2569
วันเริ่มสัญญาฉบับปัจจุบัน: 20 สิงหาคม 2568"
29 - 1 วันล่วงหน้า,SCK Personal + SCK Family,กรณีบุตร 1 คน อายุเกิน,"ชื่อ: อนิวัฒน์ ธรรมฤดี
เลขบัตรประชาชน: 1450953009887
เบอร์โทรศัพท์: 0888790594
อีเมล: matthew@email.com
ว/ด/ป เกิด: 20 กุมภาพันธ์ 2540
อายุ: 29 ปี 176 วัน","บุตรคนที่ 1: มีชีวิต
ชื่อ: ปฐม เมืองสุข
ว/ด/ป เกิด: 28 ตุลาคม 2553
อายุ: 15 ปี 291 วัน","จำนวนวันที่ต่ออายุล่วงหน้า: 20 วัน
วันที่ต่ออายุ: 15 สิงหาคม 2569
วันสิ้นสุดความคุ้มครอง: 4 กันยายน 2569
วันเริ่มสัญญาฉบับปัจจุบัน: 4 กันยายน 2568"
29 - 1 วันล่วงหน้า,SCK Personal + SCK Family,กรณีบุตร 2 คน อายุเกิน,"ชื่อ: มณียา ตันเผ่า
เลขบัตรประชาชน: 8538871821000
เบอร์โทรศัพท์: 0815258889
อีเมล: dawn@email.com
ว/ด/ป เกิด: 9 มกราคม 2545
อายุ: 24 ปี 218 วัน","บุตรคนที่ 1: มีชีวิต
ชื่อ: วสิตา ทีฆะ
ว/ด/ป เกิด: 29 ธันวาคม 2553
อายุ: 15 ปี 229 วัน

บุตรคนที่ 2: มีชีวิต
ชื่อ: ภูวิช ธีวร
ว/ด/ป เกิด: 23 ธันวาคม 2553
อายุ: 15 ปี 235 วัน","จำนวนวันที่ต่ออายุล่วงหน้า: 14 วัน
วันที่ต่ออายุ: 15 สิงหาคม 2569
วันสิ้นสุดความคุ้มครอง: 29 สิงหาคม 2569
วันเริ่มสัญญาฉบับปัจจุบัน: 29 สิงหาคม 2568"
29 - 1 วันล่วงหน้า,SCK Personal + SCK Family,กรณีคู่สมรสเสียชีวิต และบุตรอายุเกิน 1 คน,"ชื่อ: ผกาทิพย์ วุฑฒยากร
เลขบัตรประชาชน: 2976627153864
เบอร์โทรศัพท์: 0860188063
อีเมล: deborah@email.com
ว/ด/ป เกิด: 25 มกราคม 2549
อายุ: 20 ปี 202 วัน","คู่สมรส: เสียชีวิต
ชื่อ: ศุภนุนาย ถนัดพิมพการ
ว/ด/ป เกิด: 6 พฤษภาคม 2549
อายุ: 20 ปี 101 วัน

บุตรคนที่ 1: มีชีวิต
ชื่อ: ภานุวัตร ยางสวย
ว/ด/ป เกิด: 25 ตุลาคม 2553
อายุ: 15 ปี 294 วัน","จำนวนวันที่ต่ออายุล่วงหน้า: 22 วัน
วันที่ต่ออายุ: 15 สิงหาคม 2569
วันสิ้นสุดความคุ้มครอง: 6 กันยายน 2569
วันเริ่มสัญญาฉบับปัจจุบัน: 6 กันยายน 2568"
29 - 1 วันล่วงหน้า,SCK Personal + SCK Family,กรณีคู่สมรสเสียชีวิต และบุตรอายุเกิน 2 คน,"ชื่อ: เอนกพงศ์ บุนยะศัพท์
เลขบัตรประชาชน: 1149615470721
เบอร์โทรศัพท์: 0855742174
อีเมล: paul@email.com
ว/ด/ป เกิด: 11 มกราคม 2541
อายุ: 28 ปี 216 วัน","คู่สมรส: เสียชีวิต
ชื่อ: อลิษา บุตดา
ว/ด/ป เกิด: 13 กรกฎาคม 2545
อายุ: 24 ปี 33 วัน

บุตรคนที่ 1: มีชีวิต
ชื่อ: มณียา ถนอมพล
ว/ด/ป เกิด: 3 มีนาคม 2554
อายุ: 15 ปี 165 วัน

บุตรคนที่ 2: มีชีวิต
ชื่อ: ธีราทัต เจริญรัมย์
ว/ด/ป เกิด: 4 มกราคม 2554
อายุ: 15 ปี 223 วัน","จำนวนวันที่ต่ออายุล่วงหน้า: 24 วัน
วันที่ต่ออายุ: 15 สิงหาคม 2569
วันสิ้นสุดความคุ้มครอง: 8 กันยายน 2569
วันเริ่มสัญญาฉบับปัจจุบัน: 8 กันยายน 2568"
29 - 1 วันล่วงหน้า,SCK Personal + SCK Family,กรณีคู่สมรสเสียชีวิต,"ชื่อ: แกมแพร ชำนาญวาด
เลขบัตรประชาชน: 4071499546826
เบอร์โทรศัพท์: 0858586746
อีเมล: kelly@email.com
ว/ด/ป เกิด: 13 เมษายน 2544
อายุ: 25 ปี 124 วัน","คู่สมรส: เสียชีวิต
ชื่อ: ไมล์ ทรัพย์ธำรงค์
ว/ด/ป เกิด: 9 สิงหาคม 2545
อายุ: 24 ปี 6 วัน","จำนวนวันที่ต่ออายุล่วงหน้า: 11 วัน
วันที่ต่ออายุ: 15 สิงหาคม 2569
วันสิ้นสุดความคุ้มครอง: 26 สิงหาคม 2569
วันเริ่มสัญญาฉบับปัจจุบัน: 26 สิงหาคม 2568"
29 - 1 วันล่วงหน้า,SCK Personal + SCK Family,กรณีบุตรเสียชีวิต,"ชื่อ: พศร นวลเพ็ง
เลขบัตรประชาชน: 2704267932883
เบอร์โทรศัพท์: 0856156475
อีเมล: sylvia@email.com
ว/ด/ป เกิด: 18 ตุลาคม 2543
อายุ: 25 ปี 301 วัน","บุตรคนที่ 1: เสียชีวิต
ชื่อ: ศิริเกศ นพคเชนทร์
ว/ด/ป เกิด: 9 สิงหาคม 2561
อายุ: 8 ปี 6 วัน","จำนวนวันที่ต่ออายุล่วงหน้า: 7 วัน
วันที่ต่ออายุ: 15 สิงหาคม 2569
วันสิ้นสุดความคุ้มครอง: 22 สิงหาคม 2569
วันเริ่มสัญญาฉบับปัจจุบัน: 22 สิงหาคม 2568"
ภายในวันที่หมดอายุ,SCK Personal + SCK Family,กรณีปกติ 1. คนซื้อ + คู่สมรส,"ชื่อ: อัครพนธ์ ทองสีไพล
เลขบัตรประชาชน: 7095305648723
เบอร์โทรศัพท์: 0855367533
อีเมล: brett@email.com
ว/ด/ป เกิด: 5 กันยายน 2540
อายุ: 28 ปี 344 วัน","คู่สมรส: มีชีวิต
ชื่อ: สโรชา ถาวระวรณ์
ว/ด/ป เกิด: 13 พฤษภาคม 2540
อายุ: 29 ปี 94 วัน","จำนวนวันที่ต่ออายุล่วงหน้า: 0 วัน
วันที่ต่ออายุ: 15 สิงหาคม 2569
วันสิ้นสุดความคุ้มครอง: 15 สิงหาคม 2569
วันเริ่มสัญญาฉบับปัจจุบัน: 15 สิงหาคม 2568"
ภายในวันที่หมดอายุ,SCK Personal + SCK Family,กรณีปกติ 2. คนซื้อ + คู่สมรส + ลูก 1,"ชื่อ: สันติราษฎร์ แน่นดุจป้อม
เลขบัตรประชาชน: 9833342170260
เบอร์โทรศัพท์: 0856738923
อีเมล: glenda@email.com
ว/ด/ป เกิด: 25 กุมภาพันธ์ 2545
อายุ: 24 ปี 171 วัน","คู่สมรส: มีชีวิต
ชื่อ: พาดีล๊ะ ศาสตร์ศิลป์
ว/ด/ป เกิด: 30 สิงหาคม 2547
อายุ: 21 ปี 350 วัน

บุตรคนที่ 1: มีชีวิต
ชื่อ: ยอดแมน ร่มธิติรัตน์
ว/ด/ป เกิด: 4 พฤษภาคม 2564
อายุ: 5 ปี 103 วัน","จำนวนวันที่ต่ออายุล่วงหน้า: 0 วัน
วันที่ต่ออายุ: 15 สิงหาคม 2569
วันสิ้นสุดความคุ้มครอง: 15 สิงหาคม 2569
วันเริ่มสัญญาฉบับปัจจุบัน: 15 สิงหาคม 2568"
ภายในวันที่หมดอายุ,SCK Personal + SCK Family,กรณีปกติ 3. คนซื้อ + คู่สมรส + ลูก 2,"ชื่อ: ภารวี น้ำทิพย์
เลขบัตรประชาชน: 9471146341661
เบอร์โทรศัพท์: 0867369274
อีเมล: dustin@email.com
ว/ด/ป เกิด: 22 พฤศจิกายน 2539
อายุ: 29 ปี 266 วัน","คู่สมรส: มีชีวิต
ชื่อ: ผกาทิพย์ ศรีวงค์
ว/ด/ป เกิด: 20 กรกฎาคม 2547
อายุ: 22 ปี 26 วัน

บุตรคนที่ 1: มีชีวิต
ชื่อ: วรดาพร บุนยะศัพท์
ว/ด/ป เกิด: 25 สิงหาคม 2556
อายุ: 12 ปี 355 วัน

บุตรคนที่ 2: มีชีวิต
ชื่อ: มาสิตะ ถาวรรัตน
ว/ด/ป เกิด: 27 มกราคม 2561
อายุ: 8 ปี 200 วัน","จำนวนวันที่ต่ออายุล่วงหน้า: 0 วัน
วันที่ต่ออายุ: 15 สิงหาคม 2569
วันสิ้นสุดความคุ้มครอง: 15 สิงหาคม 2569
วันเริ่มสัญญาฉบับปัจจุบัน: 15 สิงหาคม 2568"
ภายในวันที่หมดอายุ,SCK Personal + SCK Family,กรณีปกติ 4. คนซื้อ + ลูก 1,"ชื่อ: ใกล้รุ่ง พรสีมา
เลขบัตรประชาชน: 9429942133411
เบอร์โทรศัพท์: 0864295540
อีเมล: hannah@email.com
ว/ด/ป เกิด: 24 มิถุนายน 2540
อายุ: 29 ปี 52 วัน","บุตรคนที่ 1: มีชีวิต
ชื่อ: ธนวันต์ พรสีมา
ว/ด/ป เกิด: 20 พฤศจิกายน 2567
อายุ: 1 ปี 268 วัน","จำนวนวันที่ต่ออายุล่วงหน้า: 0 วัน
วันที่ต่ออายุ: 15 สิงหาคม 2569
วันสิ้นสุดความคุ้มครอง: 15 สิงหาคม 2569
วันเริ่มสัญญาฉบับปัจจุบัน: 15 สิงหาคม 2568"
ภายในวันที่หมดอายุ,SCK Personal + SCK Family,กรณีปกติ 5. คนซื้อ + ลูก 2,"ชื่อ: ทินพร ดุษฎีวนิช
เลขบัตรประชาชน: 4060121173693
เบอร์โทรศัพท์: 0832875271
อีเมล: kimberly@email.com
ว/ด/ป เกิด: 25 มีนาคม 2546
อายุ: 23 ปี 143 วัน","บุตรคนที่ 1: มีชีวิต
ชื่อ: เสรี พรสีมา
ว/ด/ป เกิด: 11 พฤษภาคม 2567
อายุ: 2 ปี 96 วัน

บุตรคนที่ 2: มีชีวิต
ชื่อ: มารุด ถุงเงิน
ว/ด/ป เกิด: 7 กันยายน 2557
อายุ: 11 ปี 342 วัน","จำนวนวันที่ต่ออายุล่วงหน้า: 0 วัน
วันที่ต่ออายุ: 15 สิงหาคม 2569
วันสิ้นสุดความคุ้มครอง: 15 สิงหาคม 2569
วันเริ่มสัญญาฉบับปัจจุบัน: 15 สิงหาคม 2568"
ภายในวันที่หมดอายุ,SCK Personal + SCK Family,กรณีบุตรและคู่สมรสอายุเกิน,"ชื่อ: ณัฐธิตา ถ้วนศรี
เลขบัตรประชาชน: 6710369861844
เบอร์โทรศัพท์: 0887816648
อีเมล: patrick@email.com
ว/ด/ป เกิด: 19 เมษายน 2542
อายุ: 27 ปี 118 วัน","คู่สมรส: มีชีวิต
ชื่อ: คำ ฉัพพรรณธนกูร
ว/ด/ป เกิด: 1 กุมภาพันธ์ 2504
อายุ: 65 ปี 195 วัน

บุตรคนที่ 1: มีชีวิต
ชื่อ: พีรพัฒน์ นาฏคายี
ว/ด/ป เกิด: 2 ตุลาคม 2553
อายุ: 15 ปี 317 วัน","จำนวนวันที่ต่ออายุล่วงหน้า: 0 วัน
วันที่ต่ออายุ: 15 สิงหาคม 2569
วันสิ้นสุดความคุ้มครอง: 15 สิงหาคม 2569
วันเริ่มสัญญาฉบับปัจจุบัน: 15 สิงหาคม 2568"
ภายในวันที่หมดอายุ,SCK Personal + SCK Family,กรณีบุตรและคู่สมรสเสียชีวิต,"ชื่อ: วีรชัย ตันเผ่า
เลขบัตรประชาชน: 3738197116880
เบอร์โทรศัพท์: 0805105912
อีเมล: susan@email.com
ว/ด/ป เกิด: 21 ตุลาคม 2541
อายุ: 27 ปี 298 วัน","คู่สมรส: เสียชีวิต
ชื่อ: คณภรณ์ โพธิสัตย์
ว/ด/ป เกิด: 4 เมษายน 2542
อายุ: 27 ปี 133 วัน

บุตรคนที่ 1: เสียชีวิต
ชื่อ: อณาวิน ชุมวระ
ว/ด/ป เกิด: 23 กันยายน 2556
อายุ: 12 ปี 326 วัน","จำนวนวันที่ต่ออายุล่วงหน้า: 0 วัน
วันที่ต่ออายุ: 15 สิงหาคม 2569
วันสิ้นสุดความคุ้มครอง: 15 สิงหาคม 2569
วันเริ่มสัญญาฉบับปัจจุบัน: 15 สิงหาคม 2568"
ภายในวันที่หมดอายุ,SCK Personal + SCK Family,กรณีบุตร 1 คนอายุเกินและคู่สมรสอายุเกิน,"ชื่อ: จริยฉัตร ทองลาภ
เลขบัตรประชาชน: 1688791867056
เบอร์โทรศัพท์: 0897508443
อีเมล: howard@email.com
ว/ด/ป เกิด: 7 มิถุนายน 2549
อายุ: 20 ปี 69 วัน","คู่สมรส: มีชีวิต
ชื่อ: จิรวิทย์ ตรีครุธพันธุ์
ว/ด/ป เกิด: 3 มิถุนายน 2504
อายุ: 65 ปี 73 วัน

บุตรคนที่ 1: มีชีวิต
ชื่อ: ศิรณัฐ ไทนิยม
ว/ด/ป เกิด: 13 มีนาคม 2554
อายุ: 15 ปี 155 วัน","จำนวนวันที่ต่ออายุล่วงหน้า: 0 วัน
วันที่ต่ออายุ: 15 สิงหาคม 2569
วันสิ้นสุดความคุ้มครอง: 15 สิงหาคม 2569
วันเริ่มสัญญาฉบับปัจจุบัน: 15 สิงหาคม 2568"
ภายในวันที่หมดอายุ,SCK Personal + SCK Family,กรณีคู่สมรสอายุเกิน,"ชื่อ: สุทกร นรวิทย์โชติกุล
เลขบัตรประชาชน: 1711966996375
เบอร์โทรศัพท์: 0884743885
อีเมล: nancy@email.com
ว/ด/ป เกิด: 21 กุมภาพันธ์ 2549
อายุ: 20 ปี 175 วัน","คู่สมรส: มีชีวิต
ชื่อ: ภูวฤณ ทำประดู่
ว/ด/ป เกิด: 14 ธันวาคม 2503
อายุ: 65 ปี 244 วัน","จำนวนวันที่ต่ออายุล่วงหน้า: 0 วัน
วันที่ต่ออายุ: 15 สิงหาคม 2569
วันสิ้นสุดความคุ้มครอง: 15 สิงหาคม 2569
วันเริ่มสัญญาฉบับปัจจุบัน: 15 สิงหาคม 2568"
ภายในวันที่หมดอายุ,SCK Personal + SCK Family,กรณีบุตร 1 คน อายุเกิน,"ชื่อ: สุพัตร ธนประทีป
เลขบัตรประชาชน: 1762402106320
เบอร์โทรศัพท์: 0805280164
อีเมล: mark@email.com
ว/ด/ป เกิด: 30 เมษายน 2544
อายุ: 25 ปี 107 วัน","บุตรคนที่ 1: มีชีวิต
ชื่อ: จิราภรณ์ พานเกล้า
ว/ด/ป เกิด: 4 กุมภาพันธ์ 2554
อายุ: 15 ปี 192 วัน","จำนวนวันที่ต่ออายุล่วงหน้า: 0 วัน
วันที่ต่ออายุ: 15 สิงหาคม 2569
วันสิ้นสุดความคุ้มครอง: 15 สิงหาคม 2569
วันเริ่มสัญญาฉบับปัจจุบัน: 15 สิงหาคม 2568"
ภายในวันที่หมดอายุ,SCK Personal + SCK Family,กรณีบุตร 2 คน อายุเกิน,"ชื่อ: หรรษธร ถนัดการเขียน
เลขบัตรประชาชน: 4566223474189
เบอร์โทรศัพท์: 0804285831
อีเมล: brenda@email.com
ว/ด/ป เกิด: 5 พฤษภาคม 2549
อายุ: 20 ปี 102 วัน","บุตรคนที่ 1: มีชีวิต
ชื่อ: อดิสรณ์ ฉัพพรรณธนกูร
ว/ด/ป เกิด: 28 พฤศจิกายน 2553
อายุ: 15 ปี 260 วัน

บุตรคนที่ 2: มีชีวิต
ชื่อ: พศร แหยมศิริ
ว/ด/ป เกิด: 20 มกราคม 2554
อายุ: 15 ปี 207 วัน","จำนวนวันที่ต่ออายุล่วงหน้า: 0 วัน
วันที่ต่ออายุ: 15 สิงหาคม 2569
วันสิ้นสุดความคุ้มครอง: 15 สิงหาคม 2569
วันเริ่มสัญญาฉบับปัจจุบัน: 15 สิงหาคม 2568"
ภายในวันที่หมดอายุ,SCK Personal + SCK Family,กรณีคู่สมรสเสียชีวิต และบุตรอายุเกิน 1 คน,"ชื่อ: กษิดิฐ นามขำ
เลขบัตรประชาชน: 2517426048341
เบอร์โทรศัพท์: 0819127929
อีเมล: jeremy@email.com
ว/ด/ป เกิด: 27 กันยายน 2545
อายุ: 23 ปี 322 วัน","คู่สมรส: เสียชีวิต
ชื่อ: เกศรา ถนัดรบ
ว/ด/ป เกิด: 15 เมษายน 2541
อายุ: 28 ปี 122 วัน

บุตรคนที่ 1: มีชีวิต
ชื่อ: กิติวัฒน์ ธรรมทินนา
ว/ด/ป เกิด: 18 กุมภาพันธ์ 2554
อายุ: 15 ปี 178 วัน","จำนวนวันที่ต่ออายุล่วงหน้า: 0 วัน
วันที่ต่ออายุ: 15 สิงหาคม 2569
วันสิ้นสุดความคุ้มครอง: 15 สิงหาคม 2569
วันเริ่มสัญญาฉบับปัจจุบัน: 15 สิงหาคม 2568"
ภายในวันที่หมดอายุ,SCK Personal + SCK Family,กรณีคู่สมรสเสียชีวิต และบุตรอายุเกิน 2 คน,"ชื่อ: นรีรัตน์ ธรรมฤดี
เลขบัตรประชาชน: 8236527244286
เบอร์โทรศัพท์: 0860232890
อีเมล: benjamin@email.com
ว/ด/ป เกิด: 25 มิถุนายน 2543
อายุ: 26 ปี 51 วัน","คู่สมรส: เสียชีวิต
ชื่อ: ภูวรา ศรีสัตย์
ว/ด/ป เกิด: 11 กุมภาพันธ์ 2544
อายุ: 25 ปี 185 วัน

บุตรคนที่ 1: มีชีวิต
ชื่อ: ศุภชัย นุชแนวนุ่ม
ว/ด/ป เกิด: 20 เมษายน 2554
อายุ: 15 ปี 117 วัน

บุตรคนที่ 2: มีชีวิต
ชื่อ: นนทกาญจน์ ศิวะวรเวท
ว/ด/ป เกิด: 19 พฤศจิกายน 2553
อายุ: 15 ปี 269 วัน","จำนวนวันที่ต่ออายุล่วงหน้า: 0 วัน
วันที่ต่ออายุ: 15 สิงหาคม 2569
วันสิ้นสุดความคุ้มครอง: 15 สิงหาคม 2569
วันเริ่มสัญญาฉบับปัจจุบัน: 15 สิงหาคม 2568"
ภายในวันที่หมดอายุ,SCK Personal + SCK Family,กรณีคู่สมรสเสียชีวิต,"ชื่อ: วิชชากร แต้กุล
เลขบัตรประชาชน: 6805086542971
เบอร์โทรศัพท์: 0894936060
อีเมล: julie@email.com
ว/ด/ป เกิด: 16 มิถุนายน 2548
อายุ: 21 ปี 60 วัน","คู่สมรส: เสียชีวิต
ชื่อ: สมนึก ธรรมนิยม
ว/ด/ป เกิด: 31 พฤษภาคม 2548
อายุ: 21 ปี 76 วัน","จำนวนวันที่ต่ออายุล่วงหน้า: 0 วัน
วันที่ต่ออายุ: 15 สิงหาคม 2569
วันสิ้นสุดความคุ้มครอง: 15 สิงหาคม 2569
วันเริ่มสัญญาฉบับปัจจุบัน: 15 สิงหาคม 2568"
ภายในวันที่หมดอายุ,SCK Personal + SCK Family,กรณีบุตรเสียชีวิต,"ชื่อ: อนุบาล ถนอมพล
เลขบัตรประชาชน: 1139797827493
เบอร์โทรศัพท์: 0882602834
อีเมล: janet@email.com
ว/ด/ป เกิด: 21 กุมภาพันธ์ 2547
อายุ: 22 ปี 175 วัน","บุตรคนที่ 1: เสียชีวิต
ชื่อ: วรรณาต นฤทุกข์
ว/ด/ป เกิด: 3 กรกฎาคม 2560
อายุ: 9 ปี 43 วัน","จำนวนวันที่ต่ออายุล่วงหน้า: 0 วัน
วันที่ต่ออายุ: 15 สิงหาคม 2569
วันสิ้นสุดความคุ้มครอง: 15 สิงหาคม 2569
วันเริ่มสัญญาฉบับปัจจุบัน: 15 สิงหาคม 2568"
ภายในวันที่หมดอายุ,SCK Personal + SCK Family,กรณีปกติ 1. คนซื้อ + คู่สมรส,"ชื่อ: ภูวัน นพตระกูล
เลขบัตรประชาชน: 4818634942843
เบอร์โทรศัพท์: 0825597475
อีเมล: bruce@email.com
ว/ด/ป เกิด: 13 กันยายน 2539
อายุ: 29 ปี 336 วัน","คู่สมรส: มีชีวิต
ชื่อ: วิเชียร นิลวิมล
ว/ด/ป เกิด: 7 มีนาคม 2547
อายุ: 22 ปี 161 วัน","จำนวนวันที่ต่ออายุล่วงหน้า: 0 วัน
วันที่ต่ออายุ: 15 สิงหาคม 2569
วันสิ้นสุดความคุ้มครอง: 15 สิงหาคม 2569
วันเริ่มสัญญาฉบับปัจจุบัน: 15 สิงหาคม 2568"
ภายในวันที่หมดอายุ,SCK Personal + SCK Family,กรณีปกติ 2. คนซื้อ + คู่สมรส + ลูก 1,"ชื่อ: ดวงพร สุวรรณหงษ์
เลขบัตรประชาชน: 2570548441466
เบอร์โทรศัพท์: 0827281741
อีเมล: brandon@email.com
ว/ด/ป เกิด: 17 มิถุนายน 2542
อายุ: 27 ปี 59 วัน","คู่สมรส: มีชีวิต
ชื่อ: หลักทรัพย์ ทหารแท้
ว/ด/ป เกิด: 6 มีนาคม 2548
อายุ: 21 ปี 162 วัน

บุตรคนที่ 1: มีชีวิต
ชื่อ: เจษฏาภรณ์ ถนัดเดินข่าว
ว/ด/ป เกิด: 18 พฤษภาคม 2567
อายุ: 2 ปี 89 วัน","จำนวนวันที่ต่ออายุล่วงหน้า: 0 วัน
วันที่ต่ออายุ: 15 สิงหาคม 2569
วันสิ้นสุดความคุ้มครอง: 15 สิงหาคม 2569
วันเริ่มสัญญาฉบับปัจจุบัน: 15 สิงหาคม 2568"
ภายในวันที่หมดอายุ,SCK Personal + SCK Family,กรณีปกติ 3. คนซื้อ + คู่สมรส + ลูก 2,"ชื่อ: ธนภณ จันทา
เลขบัตรประชาชน: 4292477709772
เบอร์โทรศัพท์: 0828766225
อีเมล: sherry@email.com
ว/ด/ป เกิด: 28 พฤษภาคม 2547
อายุ: 22 ปี 79 วัน","คู่สมรส: มีชีวิต
ชื่อ: ณัฐธภรณ์ ทันยุค
ว/ด/ป เกิด: 6 ธันวาคม 2546
อายุ: 22 ปี 252 วัน

บุตรคนที่ 1: มีชีวิต
ชื่อ: เพ็ญพรรษา แถมธน
ว/ด/ป เกิด: 28 สิงหาคม 2563
อายุ: 5 ปี 352 วัน

บุตรคนที่ 2: มีชีวิต
ชื่อ: ฐิติกุล ธรรมนิยม
ว/ด/ป เกิด: 7 กันยายน 2559
อายุ: 9 ปี 342 วัน","จำนวนวันที่ต่ออายุล่วงหน้า: 0 วัน
วันที่ต่ออายุ: 15 สิงหาคม 2569
วันสิ้นสุดความคุ้มครอง: 15 สิงหาคม 2569
วันเริ่มสัญญาฉบับปัจจุบัน: 15 สิงหาคม 2568"
ภายในวันที่หมดอายุ,SCK Personal + SCK Family,กรณีปกติ 4. คนซื้อ + ลูก 1,"ชื่อ: จิตตานันท์ ทีฆะ
เลขบัตรประชาชน: 8841367138807
เบอร์โทรศัพท์: 0857262137
อีเมล: kevin@email.com
ว/ด/ป เกิด: 20 สิงหาคม 2543
อายุ: 25 ปี 360 วัน","บุตรคนที่ 1: มีชีวิต
ชื่อ: สุรนัย ศรีอุ่น
ว/ด/ป เกิด: 22 มิถุนายน 2567
อายุ: 2 ปี 54 วัน","จำนวนวันที่ต่ออายุล่วงหน้า: 0 วัน
วันที่ต่ออายุ: 15 สิงหาคม 2569
วันสิ้นสุดความคุ้มครอง: 15 สิงหาคม 2569
วันเริ่มสัญญาฉบับปัจจุบัน: 15 สิงหาคม 2568"
ภายในวันที่หมดอายุ,SCK Personal + SCK Family,กรณีปกติ 5. คนซื้อ + ลูก 2,"ชื่อ: วันชนก นพตระกูล
เลขบัตรประชาชน: 2030997876197
เบอร์โทรศัพท์: 0809155386
อีเมล: ian@email.com
ว/ด/ป เกิด: 23 กรกฎาคม 2547
อายุ: 22 ปี 23 วัน","บุตรคนที่ 1: มีชีวิต
ชื่อ: ณัฐวรินทร สังข์กรด
ว/ด/ป เกิด: 17 มกราคม 2561
อายุ: 8 ปี 210 วัน

บุตรคนที่ 2: มีชีวิต
ชื่อ: จันทนา จันทา
ว/ด/ป เกิด: 6 พฤษภาคม 2559
อายุ: 10 ปี 101 วัน","จำนวนวันที่ต่ออายุล่วงหน้า: 0 วัน
วันที่ต่ออายุ: 15 สิงหาคม 2569
วันสิ้นสุดความคุ้มครอง: 15 สิงหาคม 2569
วันเริ่มสัญญาฉบับปัจจุบัน: 15 สิงหาคม 2568"
ภายในวันที่หมดอายุ,SCK Personal + SCK Family,กรณีบุตรและคู่สมรสอายุเกิน,"ชื่อ: ภาสินี หิรัญสาลี
เลขบัตรประชาชน: 3254543163756
เบอร์โทรศัพท์: 0857880580
อีเมล: gregory@email.com
ว/ด/ป เกิด: 10 มีนาคม 2549
อายุ: 20 ปี 158 วัน","คู่สมรส: มีชีวิต
ชื่อ: ปฐวีกานต์ ตันยา
ว/ด/ป เกิด: 1 พฤษภาคม 2504
อายุ: 65 ปี 106 วัน

บุตรคนที่ 1: มีชีวิต
ชื่อ: กิติยาธรณ์ ดาวกระจาย
ว/ด/ป เกิด: 16 ธันวาคม 2553
อายุ: 15 ปี 242 วัน","จำนวนวันที่ต่ออายุล่วงหน้า: 0 วัน
วันที่ต่ออายุ: 15 สิงหาคม 2569
วันสิ้นสุดความคุ้มครอง: 15 สิงหาคม 2569
วันเริ่มสัญญาฉบับปัจจุบัน: 15 สิงหาคม 2568"
ภายในวันที่หมดอายุ,SCK Personal + SCK Family,กรณีบุตรและคู่สมรสเสียชีวิต,"ชื่อ: ณาร์รีมาน แน่นดุจป้อม
เลขบัตรประชาชน: 6197439864822
เบอร์โทรศัพท์: 0836367795
อีเมล: alec@email.com
ว/ด/ป เกิด: 22 กันยายน 2542
อายุ: 26 ปี 327 วัน","คู่สมรส: เสียชีวิต
ชื่อ: นภนต์ ทองประดิฐ
ว/ด/ป เกิด: 23 กุมภาพันธ์ 2549
อายุ: 20 ปี 173 วัน

บุตรคนที่ 1: เสียชีวิต
ชื่อ: ณัฐศักดิ์ ติณรัตน์
ว/ด/ป เกิด: 31 กรกฎาคม 2558
อายุ: 11 ปี 15 วัน","จำนวนวันที่ต่ออายุล่วงหน้า: 0 วัน
วันที่ต่ออายุ: 15 สิงหาคม 2569
วันสิ้นสุดความคุ้มครอง: 15 สิงหาคม 2569
วันเริ่มสัญญาฉบับปัจจุบัน: 15 สิงหาคม 2568"
ภายในวันที่หมดอายุ,SCK Personal + SCK Family,กรณีบุตร 1 คนอายุเกินและคู่สมรสอายุเกิน,"ชื่อ: ยอดแมน โพธิสัตย์
เลขบัตรประชาชน: 3419824723081
เบอร์โทรศัพท์: 0816830204
อีเมล: haley@email.com
ว/ด/ป เกิด: 24 ตุลาคม 2544
อายุ: 24 ปี 295 วัน","คู่สมรส: มีชีวิต
ชื่อ: อิสรันดร์ บุญส่ง
ว/ด/ป เกิด: 16 พฤศจิกายน 2503
อายุ: 65 ปี 272 วัน

บุตรคนที่ 1: มีชีวิต
ชื่อ: พัสวี นุชแนวนุ่ม
ว/ด/ป เกิด: 30 มกราคม 2554
อายุ: 15 ปี 197 วัน","จำนวนวันที่ต่ออายุล่วงหน้า: 0 วัน
วันที่ต่ออายุ: 15 สิงหาคม 2569
วันสิ้นสุดความคุ้มครอง: 15 สิงหาคม 2569
วันเริ่มสัญญาฉบับปัจจุบัน: 15 สิงหาคม 2568"
ภายในวันที่หมดอายุ,SCK Personal + SCK Family,กรณีคู่สมรสอายุเกิน,"ชื่อ: วิกิจ วะคีมัน
เลขบัตรประชาชน: 5191939226171
เบอร์โทรศัพท์: 0877094538
อีเมล: jonathan@email.com
ว/ด/ป เกิด: 18 กันยายน 2541
อายุ: 27 ปี 331 วัน","คู่สมรส: มีชีวิต
ชื่อ: ทิพรดา ศรีสัตย์
ว/ด/ป เกิด: 11 กรกฎาคม 2504
อายุ: 65 ปี 35 วัน","จำนวนวันที่ต่ออายุล่วงหน้า: 0 วัน
วันที่ต่ออายุ: 15 สิงหาคม 2569
วันสิ้นสุดความคุ้มครอง: 15 สิงหาคม 2569
วันเริ่มสัญญาฉบับปัจจุบัน: 15 สิงหาคม 2568"
ภายในวันที่หมดอายุ,SCK Personal + SCK Family,กรณีบุตร 1 คน อายุเกิน,"ชื่อ: มูฮัมหมัดอิมรอน ทีฆะ
เลขบัตรประชาชน: 8687010779571
เบอร์โทรศัพท์: 0882263781
อีเมล: jacqueline@email.com
ว/ด/ป เกิด: 17 เมษายน 2545
อายุ: 24 ปี 120 วัน","บุตรคนที่ 1: มีชีวิต
ชื่อ: นันทิกานต์ ทองสุกเลิศ
ว/ด/ป เกิด: 20 กันยายน 2553
อายุ: 15 ปี 329 วัน","จำนวนวันที่ต่ออายุล่วงหน้า: 0 วัน
วันที่ต่ออายุ: 15 สิงหาคม 2569
วันสิ้นสุดความคุ้มครอง: 15 สิงหาคม 2569
วันเริ่มสัญญาฉบับปัจจุบัน: 15 สิงหาคม 2568"
ภายในวันที่หมดอายุ,SCK Personal + SCK Family,กรณีบุตร 2 คน อายุเกิน,"ชื่อ: จริยฉัตร นาถะเดชะ
เลขบัตรประชาชน: 2244421552156
เบอร์โทรศัพท์: 0899822181
อีเมล: dana@email.com
ว/ด/ป เกิด: 7 ธันวาคม 2539
อายุ: 29 ปี 251 วัน","บุตรคนที่ 1: มีชีวิต
ชื่อ: ธารา นิลเสนา
ว/ด/ป เกิด: 14 มีนาคม 2554
อายุ: 15 ปี 154 วัน

บุตรคนที่ 2: มีชีวิต
ชื่อ: จักรพันธ์ นาถะพินธุ
ว/ด/ป เกิด: 22 กุมภาพันธ์ 2554
อายุ: 15 ปี 174 วัน","จำนวนวันที่ต่ออายุล่วงหน้า: 0 วัน
วันที่ต่ออายุ: 15 สิงหาคม 2569
วันสิ้นสุดความคุ้มครอง: 15 สิงหาคม 2569
วันเริ่มสัญญาฉบับปัจจุบัน: 15 สิงหาคม 2568"
ภายในวันที่หมดอายุ,SCK Personal + SCK Family,กรณีคู่สมรสเสียชีวิต และบุตรอายุเกิน 1 คน,"ชื่อ: นิมุ นวลเพ็ง
เลขบัตรประชาชน: 6013516143125
เบอร์โทรศัพท์: 0851428529
อีเมล: barbara@email.com
ว/ด/ป เกิด: 31 มีนาคม 2549
อายุ: 20 ปี 137 วัน","คู่สมรส: เสียชีวิต
ชื่อ: เพทาย นุตตาร
ว/ด/ป เกิด: 23 กันยายน 2545
อายุ: 23 ปี 326 วัน

บุตรคนที่ 1: มีชีวิต
ชื่อ: มนัส นาคะนคร
ว/ด/ป เกิด: 18 มกราคม 2554
อายุ: 15 ปี 209 วัน","จำนวนวันที่ต่ออายุล่วงหน้า: 0 วัน
วันที่ต่ออายุ: 15 สิงหาคม 2569
วันสิ้นสุดความคุ้มครอง: 15 สิงหาคม 2569
วันเริ่มสัญญาฉบับปัจจุบัน: 15 สิงหาคม 2568"
ภายในวันที่หมดอายุ,SCK Personal + SCK Family,กรณีคู่สมรสเสียชีวิต และบุตรอายุเกิน 2 คน,"ชื่อ: โชคภาดล บัวเผื่อน
เลขบัตรประชาชน: 1007840867047
เบอร์โทรศัพท์: 0833098633
อีเมล: christopher@email.com
ว/ด/ป เกิด: 9 ธันวาคม 2540
อายุ: 28 ปี 249 วัน","คู่สมรส: เสียชีวิต
ชื่อ: อรจิรา ด้วงโสน
ว/ด/ป เกิด: 13 กรกฎาคม 2545
อายุ: 24 ปี 33 วัน

บุตรคนที่ 1: มีชีวิต
ชื่อ: กฤตเมธ แต้กุล
ว/ด/ป เกิด: 18 พฤษภาคม 2554
อายุ: 15 ปี 89 วัน

บุตรคนที่ 2: มีชีวิต
ชื่อ: สันชัย ซูสารอ
ว/ด/ป เกิด: 15 มีนาคม 2554
อายุ: 15 ปี 153 วัน","จำนวนวันที่ต่ออายุล่วงหน้า: 0 วัน
วันที่ต่ออายุ: 15 สิงหาคม 2569
วันสิ้นสุดความคุ้มครอง: 15 สิงหาคม 2569
วันเริ่มสัญญาฉบับปัจจุบัน: 15 สิงหาคม 2568"
ภายในวันที่หมดอายุ,SCK Personal + SCK Family,กรณีคู่สมรสเสียชีวิต,"ชื่อ: ศิรณัฐ จ้อยนุแสง
เลขบัตรประชาชน: 3880782261822
เบอร์โทรศัพท์: 0803585737
อีเมล: barbara@email.com
ว/ด/ป เกิด: 29 มิถุนายน 2544
อายุ: 25 ปี 47 วัน","คู่สมรส: เสียชีวิต
ชื่อ: สมเกียรติ ธนูปกรณ์
ว/ด/ป เกิด: 5 กุมภาพันธ์ 2542
อายุ: 27 ปี 191 วัน","จำนวนวันที่ต่ออายุล่วงหน้า: 0 วัน
วันที่ต่ออายุ: 15 สิงหาคม 2569
วันสิ้นสุดความคุ้มครอง: 15 สิงหาคม 2569
วันเริ่มสัญญาฉบับปัจจุบัน: 15 สิงหาคม 2568"
ภายในวันที่หมดอายุ,SCK Personal + SCK Family,กรณีบุตรเสียชีวิต,"ชื่อ: ลักษมี ตันตราจิณ
เลขบัตรประชาชน: 3639323143404
เบอร์โทรศัพท์: 0825699194
อีเมล: jim@email.com
ว/ด/ป เกิด: 27 เมษายน 2544
อายุ: 25 ปี 110 วัน","บุตรคนที่ 1: เสียชีวิต
ชื่อ: สุรวัช นวลเพ็ง
ว/ด/ป เกิด: 29 ตุลาคม 2564
อายุ: 4 ปี 290 วัน","จำนวนวันที่ต่ออายุล่วงหน้า: 0 วัน
วันที่ต่ออายุ: 15 สิงหาคม 2569
วันสิ้นสุดความคุ้มครอง: 15 สิงหาคม 2569
วันเริ่มสัญญาฉบับปัจจุบัน: 15 สิงหาคม 2568"
90 - 30 วันล่วงหน้า,SCK Personal,,"ชื่อ: ผดุงพล นพตระกูล
เลขบัตรประชาชน: 4763077033883
เบอร์โทรศัพท์: 0844553378
อีเมล: garrett@email.com
ว/ด/ป เกิด: 31 มีนาคม 2546
อายุ: 23 ปี 137 วัน",,"จำนวนวันที่ต่ออายุล่วงหน้า: 56 วัน
วันที่ต่ออายุ: 15 สิงหาคม 2569
วันสิ้นสุดความคุ้มครอง: 10 ตุลาคม 2569
วันเริ่มสัญญาฉบับปัจจุบัน: 10 ตุลาคม 2568"
90 - 30 วันล่วงหน้า,SCK Personal,,"ชื่อ: พรชีวิน ธีวร
เลขบัตรประชาชน: 8568111649569
เบอร์โทรศัพท์: 0803291446
อีเมล: ricky@email.com
ว/ด/ป เกิด: 13 เมษายน 2549
อายุ: 20 ปี 124 วัน",,"จำนวนวันที่ต่ออายุล่วงหน้า: 89 วัน
วันที่ต่ออายุ: 15 สิงหาคม 2569
วันสิ้นสุดความคุ้มครอง: 12 พฤศจิกายน 2569
วันเริ่มสัญญาฉบับปัจจุบัน: 12 พฤศจิกายน 2568"
90 - 30 วันล่วงหน้า,SCK Personal,,"ชื่อ: ฉลองชัย ฉายแสง
เลขบัตรประชาชน: 2939253381629
เบอร์โทรศัพท์: 0894553053
อีเมล: shelley@email.com
ว/ด/ป เกิด: 22 สิงหาคม 2548
อายุ: 20 ปี 358 วัน",,"จำนวนวันที่ต่ออายุล่วงหน้า: 90 วัน
วันที่ต่ออายุ: 15 สิงหาคม 2569
วันสิ้นสุดความคุ้มครอง: 13 พฤศจิกายน 2569
วันเริ่มสัญญาฉบับปัจจุบัน: 13 พฤศจิกายน 2568"
90 - 30 วันล่วงหน้า,SCK Personal,,"ชื่อ: ณัฐวรินทร ภูภักดี
เลขบัตรประชาชน: 6126105948091
เบอร์โทรศัพท์: 0807143455
อีเมล: jon@email.com
ว/ด/ป เกิด: 23 ธันวาคม 2543
อายุ: 25 ปี 235 วัน",,"จำนวนวันที่ต่ออายุล่วงหน้า: 65 วัน
วันที่ต่ออายุ: 15 สิงหาคม 2569
วันสิ้นสุดความคุ้มครอง: 19 ตุลาคม 2569
วันเริ่มสัญญาฉบับปัจจุบัน: 19 ตุลาคม 2568"
90 - 30 วันล่วงหน้า,SCK Personal,,"ชื่อ: ภูวฤณ นิละทัต
เลขบัตรประชาชน: 6605651614137
เบอร์โทรศัพท์: 0820353824
อีเมล: rodney@email.com
ว/ด/ป เกิด: 17 กันยายน 2540
อายุ: 28 ปี 332 วัน",,"จำนวนวันที่ต่ออายุล่วงหน้า: 72 วัน
วันที่ต่ออายุ: 15 สิงหาคม 2569
วันสิ้นสุดความคุ้มครอง: 26 ตุลาคม 2569
วันเริ่มสัญญาฉบับปัจจุบัน: 26 ตุลาคม 2568"
90 - 30 วันล่วงหน้า,SCK Personal,,"ชื่อ: ศิริเกศ ทวีเดช
เลขบัตรประชาชน: 5975889068108
เบอร์โทรศัพท์: 0845830737
อีเมล: cynthia@email.com
ว/ด/ป เกิด: 13 เมษายน 2540
อายุ: 29 ปี 124 วัน",,"จำนวนวันที่ต่ออายุล่วงหน้า: 55 วัน
วันที่ต่ออายุ: 15 สิงหาคม 2569
วันสิ้นสุดความคุ้มครอง: 9 ตุลาคม 2569
วันเริ่มสัญญาฉบับปัจจุบัน: 9 ตุลาคม 2568"
90 - 30 วันล่วงหน้า,SCK Personal,,"ชื่อ: บุญทิวา ธรรมฤดี
เลขบัตรประชาชน: 3787007930997
เบอร์โทรศัพท์: 0870935033
อีเมล: timothy@email.com
ว/ด/ป เกิด: 20 ธันวาคม 2539
อายุ: 29 ปี 238 วัน",,"จำนวนวันที่ต่ออายุล่วงหน้า: 42 วัน
วันที่ต่ออายุ: 15 สิงหาคม 2569
วันสิ้นสุดความคุ้มครอง: 26 กันยายน 2569
วันเริ่มสัญญาฉบับปัจจุบัน: 26 กันยายน 2568"
90 - 30 วันล่วงหน้า,SCK Personal,,"ชื่อ: พุทธิพงษ์ แต้กุล
เลขบัตรประชาชน: 8909328344261
เบอร์โทรศัพท์: 0859025280
อีเมล: rita@email.com
ว/ด/ป เกิด: 18 ตุลาคม 2541
อายุ: 27 ปี 301 วัน",,"จำนวนวันที่ต่ออายุล่วงหน้า: 37 วัน
วันที่ต่ออายุ: 15 สิงหาคม 2569
วันสิ้นสุดความคุ้มครอง: 21 กันยายน 2569
วันเริ่มสัญญาฉบับปัจจุบัน: 21 กันยายน 2568"
90 - 30 วันล่วงหน้า,SCK Personal,,"ชื่อ: สหัสมณี นาถะเดชะ
เลขบัตรประชาชน: 1103282501304
เบอร์โทรศัพท์: 0800275486
อีเมล: john@email.com
ว/ด/ป เกิด: 30 พฤษภาคม 2544
อายุ: 25 ปี 77 วัน",,"จำนวนวันที่ต่ออายุล่วงหน้า: 62 วัน
วันที่ต่ออายุ: 15 สิงหาคม 2569
วันสิ้นสุดความคุ้มครอง: 16 ตุลาคม 2569
วันเริ่มสัญญาฉบับปัจจุบัน: 16 ตุลาคม 2568"
90 - 30 วันล่วงหน้า,SCK Personal,,"ชื่อ: ตรีนุช ชำนาญวาด
เลขบัตรประชาชน: 1582489747022
เบอร์โทรศัพท์: 0896529975
อีเมล: daniel@email.com
ว/ด/ป เกิด: 10 มกราคม 2541
อายุ: 28 ปี 217 วัน",,"จำนวนวันที่ต่ออายุล่วงหน้า: 89 วัน
วันที่ต่ออายุ: 15 สิงหาคม 2569
วันสิ้นสุดความคุ้มครอง: 12 พฤศจิกายน 2569
วันเริ่มสัญญาฉบับปัจจุบัน: 12 พฤศจิกายน 2568"
90 - 30 วันล่วงหน้า,SCK Personal,,"ชื่อ: จันทภา ถะเกิงชศ
เลขบัตรประชาชน: 9146170391742
เบอร์โทรศัพท์: 0841437286
อีเมล: brandon@email.com
ว/ด/ป เกิด: 20 มกราคม 2540
อายุ: 29 ปี 207 วัน",,"จำนวนวันที่ต่ออายุล่วงหน้า: 74 วัน
วันที่ต่ออายุ: 15 สิงหาคม 2569
วันสิ้นสุดความคุ้มครอง: 28 ตุลาคม 2569
วันเริ่มสัญญาฉบับปัจจุบัน: 28 ตุลาคม 2568"
90 - 30 วันล่วงหน้า,SCK Personal,,"ชื่อ: ชัชนันท์ ทองสุกเลิศ
เลขบัตรประชาชน: 6276437054562
เบอร์โทรศัพท์: 0838770455
อีเมล: jacqueline@email.com
ว/ด/ป เกิด: 16 กุมภาพันธ์ 2549
อายุ: 20 ปี 180 วัน",,"จำนวนวันที่ต่ออายุล่วงหน้า: 79 วัน
วันที่ต่ออายุ: 15 สิงหาคม 2569
วันสิ้นสุดความคุ้มครอง: 2 พฤศจิกายน 2569
วันเริ่มสัญญาฉบับปัจจุบัน: 2 พฤศจิกายน 2568"
90 - 30 วันล่วงหน้า,SCK Personal,,"ชื่อ: ภูวิช นักสำหรวจ
เลขบัตรประชาชน: 5864822221303
เบอร์โทรศัพท์: 0860748169
อีเมล: wendy@email.com
ว/ด/ป เกิด: 21 พฤศจิกายน 2540
อายุ: 28 ปี 267 วัน",,"จำนวนวันที่ต่ออายุล่วงหน้า: 31 วัน
วันที่ต่ออายุ: 15 สิงหาคม 2569
วันสิ้นสุดความคุ้มครอง: 15 กันยายน 2569
วันเริ่มสัญญาฉบับปัจจุบัน: 15 กันยายน 2568"
90 - 30 วันล่วงหน้า,SCK Personal,,"ชื่อ: เมษา สาระพันธ์
เลขบัตรประชาชน: 2448342281267
เบอร์โทรศัพท์: 0814800422
อีเมล: ralph@email.com
ว/ด/ป เกิด: 4 กุมภาพันธ์ 2543
อายุ: 26 ปี 192 วัน",,"จำนวนวันที่ต่ออายุล่วงหน้า: 62 วัน
วันที่ต่ออายุ: 15 สิงหาคม 2569
วันสิ้นสุดความคุ้มครอง: 16 ตุลาคม 2569
วันเริ่มสัญญาฉบับปัจจุบัน: 16 ตุลาคม 2568"
90 - 30 วันล่วงหน้า,SCK Personal,,"ชื่อ: อาแอเสาะ ธีวร
เลขบัตรประชาชน: 9125669187884
เบอร์โทรศัพท์: 0881937393
อีเมล: gabrielle@email.com
ว/ด/ป เกิด: 30 กันยายน 2542
อายุ: 26 ปี 319 วัน",,"จำนวนวันที่ต่ออายุล่วงหน้า: 59 วัน
วันที่ต่ออายุ: 15 สิงหาคม 2569
วันสิ้นสุดความคุ้มครอง: 13 ตุลาคม 2569
วันเริ่มสัญญาฉบับปัจจุบัน: 13 ตุลาคม 2568"
29 - 1 วันล่วงหน้า,SCK Personal,,"ชื่อ: สิรวัฒน์ เธียรายัน
เลขบัตรประชาชน: 5829152783131
เบอร์โทรศัพท์: 0856684622
อีเมล: pamela@email.com
ว/ด/ป เกิด: 17 กุมภาพันธ์ 2544
อายุ: 25 ปี 179 วัน",,"จำนวนวันที่ต่ออายุล่วงหน้า: 13 วัน
วันที่ต่ออายุ: 15 สิงหาคม 2569
วันสิ้นสุดความคุ้มครอง: 28 สิงหาคม 2569
วันเริ่มสัญญาฉบับปัจจุบัน: 28 สิงหาคม 2568"
29 - 1 วันล่วงหน้า,SCK Personal,,"ชื่อ: วรรณาต ทองสินธุ์
เลขบัตรประชาชน: 8983229576486
เบอร์โทรศัพท์: 0829476068
อีเมล: judith@email.com
ว/ด/ป เกิด: 31 กรกฎาคม 2543
อายุ: 26 ปี 15 วัน",,"จำนวนวันที่ต่ออายุล่วงหน้า: 12 วัน
วันที่ต่ออายุ: 15 สิงหาคม 2569
วันสิ้นสุดความคุ้มครอง: 27 สิงหาคม 2569
วันเริ่มสัญญาฉบับปัจจุบัน: 27 สิงหาคม 2568"
29 - 1 วันล่วงหน้า,SCK Personal,,"ชื่อ: พชรภรณ์ บุญศล
เลขบัตรประชาชน: 7211836659224
เบอร์โทรศัพท์: 0853958551
อีเมล: gregory@email.com
ว/ด/ป เกิด: 31 พฤษภาคม 2547
อายุ: 22 ปี 76 วัน",,"จำนวนวันที่ต่ออายุล่วงหน้า: 8 วัน
วันที่ต่ออายุ: 15 สิงหาคม 2569
วันสิ้นสุดความคุ้มครอง: 23 สิงหาคม 2569
วันเริ่มสัญญาฉบับปัจจุบัน: 23 สิงหาคม 2568"
29 - 1 วันล่วงหน้า,SCK Personal,,"ชื่อ: คมคาย ชำนาญวาด
เลขบัตรประชาชน: 2695770214709
เบอร์โทรศัพท์: 0896007148
อีเมล: laura@email.com
ว/ด/ป เกิด: 17 กุมภาพันธ์ 2549
อายุ: 20 ปี 179 วัน",,"จำนวนวันที่ต่ออายุล่วงหน้า: 18 วัน
วันที่ต่ออายุ: 15 สิงหาคม 2569
วันสิ้นสุดความคุ้มครอง: 2 กันยายน 2569
วันเริ่มสัญญาฉบับปัจจุบัน: 2 กันยายน 2568"
29 - 1 วันล่วงหน้า,SCK Personal,,"ชื่อ: เมทนี นุ่มกัน
เลขบัตรประชาชน: 4701563285891
เบอร์โทรศัพท์: 0848794914
อีเมล: caleb@email.com
ว/ด/ป เกิด: 19 พฤศจิกายน 2544
อายุ: 24 ปี 269 วัน",,"จำนวนวันที่ต่ออายุล่วงหน้า: 25 วัน
วันที่ต่ออายุ: 15 สิงหาคม 2569
วันสิ้นสุดความคุ้มครอง: 9 กันยายน 2569
วันเริ่มสัญญาฉบับปัจจุบัน: 9 กันยายน 2568"
29 - 1 วันล่วงหน้า,SCK Personal,,"ชื่อ: วรศาสส์ ศาสตร์ศิลป์
เลขบัตรประชาชน: 9136545488417
เบอร์โทรศัพท์: 0891027599
อีเมล: jonathan@email.com
ว/ด/ป เกิด: 20 พฤษภาคม 2548
อายุ: 21 ปี 87 วัน",,"จำนวนวันที่ต่ออายุล่วงหน้า: 8 วัน
วันที่ต่ออายุ: 15 สิงหาคม 2569
วันสิ้นสุดความคุ้มครอง: 23 สิงหาคม 2569
วันเริ่มสัญญาฉบับปัจจุบัน: 23 สิงหาคม 2568"
29 - 1 วันล่วงหน้า,SCK Personal,,"ชื่อ: เขียว แก้วอยู่
เลขบัตรประชาชน: 2160022850835
เบอร์โทรศัพท์: 0854461262
อีเมล: corey@email.com
ว/ด/ป เกิด: 29 มีนาคม 2549
อายุ: 20 ปี 139 วัน",,"จำนวนวันที่ต่ออายุล่วงหน้า: 27 วัน
วันที่ต่ออายุ: 15 สิงหาคม 2569
วันสิ้นสุดความคุ้มครอง: 11 กันยายน 2569
วันเริ่มสัญญาฉบับปัจจุบัน: 11 กันยายน 2568"
29 - 1 วันล่วงหน้า,SCK Personal,,"ชื่อ: สมหมาย พรมอ่อน
เลขบัตรประชาชน: 1896147253671
เบอร์โทรศัพท์: 0846957398
อีเมล: haley@email.com
ว/ด/ป เกิด: 25 มีนาคม 2543
อายุ: 26 ปี 143 วัน",,"จำนวนวันที่ต่ออายุล่วงหน้า: 14 วัน
วันที่ต่ออายุ: 15 สิงหาคม 2569
วันสิ้นสุดความคุ้มครอง: 29 สิงหาคม 2569
วันเริ่มสัญญาฉบับปัจจุบัน: 29 สิงหาคม 2568"
29 - 1 วันล่วงหน้า,SCK Personal,,"ชื่อ: ผกาทิพย์ ตวันเยี่ยม
เลขบัตรประชาชน: 7521979935125
เบอร์โทรศัพท์: 0815104016
อีเมล: stephen@email.com
ว/ด/ป เกิด: 24 สิงหาคม 2547
อายุ: 21 ปี 356 วัน",,"จำนวนวันที่ต่ออายุล่วงหน้า: 25 วัน
วันที่ต่ออายุ: 15 สิงหาคม 2569
วันสิ้นสุดความคุ้มครอง: 9 กันยายน 2569
วันเริ่มสัญญาฉบับปัจจุบัน: 9 กันยายน 2568"
29 - 1 วันล่วงหน้า,SCK Personal,,"ชื่อ: หลักทรัพย์ นุตตาร
เลขบัตรประชาชน: 2025673221645
เบอร์โทรศัพท์: 0846174561
อีเมล: allison@email.com
ว/ด/ป เกิด: 17 มีนาคม 2548
อายุ: 21 ปี 151 วัน",,"จำนวนวันที่ต่ออายุล่วงหน้า: 13 วัน
วันที่ต่ออายุ: 15 สิงหาคม 2569
วันสิ้นสุดความคุ้มครอง: 28 สิงหาคม 2569
วันเริ่มสัญญาฉบับปัจจุบัน: 28 สิงหาคม 2568"
29 - 1 วันล่วงหน้า,SCK Personal,,"ชื่อ: ราชันทร์ หนักแน่น
เลขบัตรประชาชน: 8303311395860
เบอร์โทรศัพท์: 0801976378
อีเมล: marc@email.com
ว/ด/ป เกิด: 29 พฤศจิกายน 2548
อายุ: 20 ปี 259 วัน",,"จำนวนวันที่ต่ออายุล่วงหน้า: 5 วัน
วันที่ต่ออายุ: 15 สิงหาคม 2569
วันสิ้นสุดความคุ้มครอง: 20 สิงหาคม 2569
วันเริ่มสัญญาฉบับปัจจุบัน: 20 สิงหาคม 2568"
29 - 1 วันล่วงหน้า,SCK Personal,,"ชื่อ: สัญชาน ขุนดำ
เลขบัตรประชาชน: 7258734669260
เบอร์โทรศัพท์: 0841696848
อีเมล: sheena@email.com
ว/ด/ป เกิด: 5 ตุลาคม 2545
อายุ: 23 ปี 314 วัน",,"จำนวนวันที่ต่ออายุล่วงหน้า: 22 วัน
วันที่ต่ออายุ: 15 สิงหาคม 2569
วันสิ้นสุดความคุ้มครอง: 6 กันยายน 2569
วันเริ่มสัญญาฉบับปัจจุบัน: 6 กันยายน 2568"
29 - 1 วันล่วงหน้า,SCK Personal,,"ชื่อ: หล้า ทองสีไพล
เลขบัตรประชาชน: 3318757426602
เบอร์โทรศัพท์: 0841603231
อีเมล: dylan@email.com
ว/ด/ป เกิด: 3 กรกฎาคม 2543
อายุ: 26 ปี 43 วัน",,"จำนวนวันที่ต่ออายุล่วงหน้า: 13 วัน
วันที่ต่ออายุ: 15 สิงหาคม 2569
วันสิ้นสุดความคุ้มครอง: 28 สิงหาคม 2569
วันเริ่มสัญญาฉบับปัจจุบัน: 28 สิงหาคม 2568"
29 - 1 วันล่วงหน้า,SCK Personal,,"ชื่อ: กวาง วาทา
เลขบัตรประชาชน: 9613713385155
เบอร์โทรศัพท์: 0817962571
อีเมล: shelly@email.com
ว/ด/ป เกิด: 7 มีนาคม 2545
อายุ: 24 ปี 161 วัน",,"จำนวนวันที่ต่ออายุล่วงหน้า: 1 วัน
วันที่ต่ออายุ: 15 สิงหาคม 2569
วันสิ้นสุดความคุ้มครอง: 16 สิงหาคม 2569
วันเริ่มสัญญาฉบับปัจจุบัน: 16 สิงหาคม 2568"
29 - 1 วันล่วงหน้า,SCK Personal,,"ชื่อ: คำ ทรัพย์สาร
เลขบัตรประชาชน: 6422601386733
เบอร์โทรศัพท์: 0889946754
อีเมล: nicholas@email.com
ว/ด/ป เกิด: 5 กันยายน 2544
อายุ: 24 ปี 344 วัน",,"จำนวนวันที่ต่ออายุล่วงหน้า: 10 วัน
วันที่ต่ออายุ: 15 สิงหาคม 2569
วันสิ้นสุดความคุ้มครอง: 25 สิงหาคม 2569
วันเริ่มสัญญาฉบับปัจจุบัน: 25 สิงหาคม 2568"
ภายในวันที่หมดอายุ,SCK Personal,,"ชื่อ: คำ นุตตาร
เลขบัตรประชาชน: 4738081294330
เบอร์โทรศัพท์: 0878553198
อีเมล: kevin@email.com
ว/ด/ป เกิด: 3 พฤศจิกายน 2543
อายุ: 25 ปี 285 วัน",,"จำนวนวันที่ต่ออายุล่วงหน้า: 0 วัน
วันที่ต่ออายุ: 15 สิงหาคม 2569
วันสิ้นสุดความคุ้มครอง: 15 สิงหาคม 2569
วันเริ่มสัญญาฉบับปัจจุบัน: 15 สิงหาคม 2568"
ภายในวันที่หมดอายุ,SCK Personal,,"ชื่อ: วาร์มูฮำหมัด วุฑฒยากร
เลขบัตรประชาชน: 4398339927299
เบอร์โทรศัพท์: 0820591273
อีเมล: jason@email.com
ว/ด/ป เกิด: 11 กันยายน 2540
อายุ: 28 ปี 338 วัน",,"จำนวนวันที่ต่ออายุล่วงหน้า: 0 วัน
วันที่ต่ออายุ: 15 สิงหาคม 2569
วันสิ้นสุดความคุ้มครอง: 15 สิงหาคม 2569
วันเริ่มสัญญาฉบับปัจจุบัน: 15 สิงหาคม 2568"
ภายในวันที่หมดอายุ,SCK Personal,,"ชื่อ: จุฑาภรณ์ นวลฉวี
เลขบัตรประชาชน: 6253279305711
เบอร์โทรศัพท์: 0828088484
อีเมล: courtney@email.com
ว/ด/ป เกิด: 2 กรกฎาคม 2546
อายุ: 23 ปี 44 วัน",,"จำนวนวันที่ต่ออายุล่วงหน้า: 0 วัน
วันที่ต่ออายุ: 15 สิงหาคม 2569
วันสิ้นสุดความคุ้มครอง: 15 สิงหาคม 2569
วันเริ่มสัญญาฉบับปัจจุบัน: 15 สิงหาคม 2568"
ภายในวันที่หมดอายุ,SCK Personal,,"ชื่อ: ทรรศนชัย คำลือ
เลขบัตรประชาชน: 7974551121541
เบอร์โทรศัพท์: 0882141799
อีเมล: jennifer@email.com
ว/ด/ป เกิด: 7 มกราคม 2545
อายุ: 24 ปี 220 วัน",,"จำนวนวันที่ต่ออายุล่วงหน้า: 0 วัน
วันที่ต่ออายุ: 15 สิงหาคม 2569
วันสิ้นสุดความคุ้มครอง: 15 สิงหาคม 2569
วันเริ่มสัญญาฉบับปัจจุบัน: 15 สิงหาคม 2568"
ภายในวันที่หมดอายุ,SCK Personal,,"ชื่อ: กรพนธ์ เวียงจันทึก
เลขบัตรประชาชน: 5585097612171
เบอร์โทรศัพท์: 0846936058
อีเมล: david@email.com
ว/ด/ป เกิด: 6 พฤศจิกายน 2542
อายุ: 26 ปี 282 วัน",,"จำนวนวันที่ต่ออายุล่วงหน้า: 0 วัน
วันที่ต่ออายุ: 15 สิงหาคม 2569
วันสิ้นสุดความคุ้มครอง: 15 สิงหาคม 2569
วันเริ่มสัญญาฉบับปัจจุบัน: 15 สิงหาคม 2568"
ภายในวันที่หมดอายุ,SCK Personal,,"ชื่อ: ธมลพรรณ พรสีมา
เลขบัตรประชาชน: 3744787455611
เบอร์โทรศัพท์: 0848166521
อีเมล: tammy@email.com
ว/ด/ป เกิด: 25 กุมภาพันธ์ 2543
อายุ: 26 ปี 171 วัน",,"จำนวนวันที่ต่ออายุล่วงหน้า: 0 วัน
วันที่ต่ออายุ: 15 สิงหาคม 2569
วันสิ้นสุดความคุ้มครอง: 15 สิงหาคม 2569
วันเริ่มสัญญาฉบับปัจจุบัน: 15 สิงหาคม 2568"
ภายในวันที่หมดอายุ,SCK Personal,,"ชื่อ: พีระพงศ์พันธ์ เพียยา
เลขบัตรประชาชน: 3439112406903
เบอร์โทรศัพท์: 0827545291
อีเมล: katherine@email.com
ว/ด/ป เกิด: 31 มกราคม 2543
อายุ: 26 ปี 196 วัน",,"จำนวนวันที่ต่ออายุล่วงหน้า: 0 วัน
วันที่ต่ออายุ: 15 สิงหาคม 2569
วันสิ้นสุดความคุ้มครอง: 15 สิงหาคม 2569
วันเริ่มสัญญาฉบับปัจจุบัน: 15 สิงหาคม 2568"
ภายในวันที่หมดอายุ,SCK Personal,,"ชื่อ: ฉัตรปรียา สันตะวงศ์
เลขบัตรประชาชน: 7607805491048
เบอร์โทรศัพท์: 0810085444
อีเมล: julie@email.com
ว/ด/ป เกิด: 25 เมษายน 2541
อายุ: 28 ปี 112 วัน",,"จำนวนวันที่ต่ออายุล่วงหน้า: 0 วัน
วันที่ต่ออายุ: 15 สิงหาคม 2569
วันสิ้นสุดความคุ้มครอง: 15 สิงหาคม 2569
วันเริ่มสัญญาฉบับปัจจุบัน: 15 สิงหาคม 2568"
ภายในวันที่หมดอายุ,SCK Personal,,"ชื่อ: เพชรมณี จันทา
เลขบัตรประชาชน: 3968482234117
เบอร์โทรศัพท์: 0801551215
อีเมล: matthew@email.com
ว/ด/ป เกิด: 7 ธันวาคม 2542
อายุ: 26 ปี 251 วัน",,"จำนวนวันที่ต่ออายุล่วงหน้า: 0 วัน
วันที่ต่ออายุ: 15 สิงหาคม 2569
วันสิ้นสุดความคุ้มครอง: 15 สิงหาคม 2569
วันเริ่มสัญญาฉบับปัจจุบัน: 15 สิงหาคม 2568"
ภายในวันที่หมดอายุ,SCK Personal,,"ชื่อ: พิมพ์พิชญา นิลวิมล
เลขบัตรประชาชน: 9497048314125
เบอร์โทรศัพท์: 0877722265
อีเมล: shawn@email.com
ว/ด/ป เกิด: 31 กรกฎาคม 2548
อายุ: 21 ปี 15 วัน",,"จำนวนวันที่ต่ออายุล่วงหน้า: 0 วัน
วันที่ต่ออายุ: 15 สิงหาคม 2569
วันสิ้นสุดความคุ้มครอง: 15 สิงหาคม 2569
วันเริ่มสัญญาฉบับปัจจุบัน: 15 สิงหาคม 2568"
ภายในวันที่หมดอายุ,SCK Personal,,"ชื่อ: พุทธิพงษ์ ตะละภัฏ
เลขบัตรประชาชน: 6309416738511
เบอร์โทรศัพท์: 0808242759
อีเมล: leslie@email.com
ว/ด/ป เกิด: 23 มีนาคม 2545
อายุ: 24 ปี 145 วัน",,"จำนวนวันที่ต่ออายุล่วงหน้า: 0 วัน
วันที่ต่ออายุ: 15 สิงหาคม 2569
วันสิ้นสุดความคุ้มครอง: 15 สิงหาคม 2569
วันเริ่มสัญญาฉบับปัจจุบัน: 15 สิงหาคม 2568"
ภายในวันที่หมดอายุ,SCK Personal,,"ชื่อ: จุฑารัตน์ ทรงโกมล
เลขบัตรประชาชน: 9983466205510
เบอร์โทรศัพท์: 0886848122
อีเมล: kelsey@email.com
ว/ด/ป เกิด: 27 กรกฎาคม 2540
อายุ: 29 ปี 19 วัน",,"จำนวนวันที่ต่ออายุล่วงหน้า: 0 วัน
วันที่ต่ออายุ: 15 สิงหาคม 2569
วันสิ้นสุดความคุ้มครอง: 15 สิงหาคม 2569
วันเริ่มสัญญาฉบับปัจจุบัน: 15 สิงหาคม 2568"
ภายในวันที่หมดอายุ,SCK Personal,,"ชื่อ: อาซือมะ ตั้งกุลงาม
เลขบัตรประชาชน: 5785531723924
เบอร์โทรศัพท์: 0883208843
อีเมล: vanessa@email.com
ว/ด/ป เกิด: 7 กันยายน 2541
อายุ: 27 ปี 342 วัน",,"จำนวนวันที่ต่ออายุล่วงหน้า: 0 วัน
วันที่ต่ออายุ: 15 สิงหาคม 2569
วันสิ้นสุดความคุ้มครอง: 15 สิงหาคม 2569
วันเริ่มสัญญาฉบับปัจจุบัน: 15 สิงหาคม 2568"
ภายในวันที่หมดอายุ,SCK Personal,,"ชื่อ: วรนาฎ ธนรักษ์
เลขบัตรประชาชน: 7384084559142
เบอร์โทรศัพท์: 0870190070
อีเมล: joseph@email.com
ว/ด/ป เกิด: 13 สิงหาคม 2544
อายุ: 25 ปี 2 วัน",,"จำนวนวันที่ต่ออายุล่วงหน้า: 0 วัน
วันที่ต่ออายุ: 15 สิงหาคม 2569
วันสิ้นสุดความคุ้มครอง: 15 สิงหาคม 2569
วันเริ่มสัญญาฉบับปัจจุบัน: 15 สิงหาคม 2568"
ภายในวันที่หมดอายุ,SCK Personal,,"ชื่อ: กิติกานต์ ถนิมมาศ
เลขบัตรประชาชน: 9161764474310
เบอร์โทรศัพท์: 0893844861
อีเมล: joy@email.com
ว/ด/ป เกิด: 24 กุมภาพันธ์ 2545
อายุ: 24 ปี 172 วัน",,"จำนวนวันที่ต่ออายุล่วงหน้า: 0 วัน
วันที่ต่ออายุ: 15 สิงหาคม 2569
วันสิ้นสุดความคุ้มครอง: 15 สิงหาคม 2569
วันเริ่มสัญญาฉบับปัจจุบัน: 15 สิงหาคม 2568"
ภายในวันที่หมดอายุ,SCK Personal,,"ชื่อ: ปิยนุช ทองแท้
เลขบัตรประชาชน: 6714504931055
เบอร์โทรศัพท์: 0863841901
อีเมล: charles@email.com
ว/ด/ป เกิด: 11 กุมภาพันธ์ 2542
อายุ: 27 ปี 185 วัน",,"จำนวนวันที่ต่ออายุล่วงหน้า: 0 วัน
วันที่ต่ออายุ: 15 สิงหาคม 2569
วันสิ้นสุดความคุ้มครอง: 15 สิงหาคม 2569
วันเริ่มสัญญาฉบับปัจจุบัน: 15 สิงหาคม 2568"
ภายในวันที่หมดอายุ,SCK Personal,,"ชื่อ: สันชัย เขียวอ่อน
เลขบัตรประชาชน: 7206664024263
เบอร์โทรศัพท์: 0882714661
อีเมล: dominic@email.com
ว/ด/ป เกิด: 7 กุมภาพันธ์ 2543
อายุ: 26 ปี 189 วัน",,"จำนวนวันที่ต่ออายุล่วงหน้า: 0 วัน
วันที่ต่ออายุ: 15 สิงหาคม 2569
วันสิ้นสุดความคุ้มครอง: 15 สิงหาคม 2569
วันเริ่มสัญญาฉบับปัจจุบัน: 15 สิงหาคม 2568"
ภายในวันที่หมดอายุ,SCK Personal,,"ชื่อ: วรศาสส์ ธนประทีป
เลขบัตรประชาชน: 2046857808771
เบอร์โทรศัพท์: 0808122917
อีเมล: james@email.com
ว/ด/ป เกิด: 16 สิงหาคม 2547
อายุ: 21 ปี 364 วัน",,"จำนวนวันที่ต่ออายุล่วงหน้า: 0 วัน
วันที่ต่ออายุ: 15 สิงหาคม 2569
วันสิ้นสุดความคุ้มครอง: 15 สิงหาคม 2569
วันเริ่มสัญญาฉบับปัจจุบัน: 15 สิงหาคม 2568"
ภายในวันที่หมดอายุ,SCK Personal,,"ชื่อ: พันเทพ บุญศล
เลขบัตรประชาชน: 3926381789791
เบอร์โทรศัพท์: 0822590681
อีเมล: joshua@email.com
ว/ด/ป เกิด: 9 มกราคม 2544
อายุ: 25 ปี 218 วัน",,"จำนวนวันที่ต่ออายุล่วงหน้า: 0 วัน
วันที่ต่ออายุ: 15 สิงหาคม 2569
วันสิ้นสุดความคุ้มครอง: 15 สิงหาคม 2569
วันเริ่มสัญญาฉบับปัจจุบัน: 15 สิงหาคม 2568"
ภายในวันที่หมดอายุ,SCK Personal,,"ชื่อ: โอภาส ทวนไชย์
เลขบัตรประชาชน: 8743062924941
เบอร์โทรศัพท์: 0809203460
อีเมล: samantha@email.com
ว/ด/ป เกิด: 11 สิงหาคม 2549
อายุ: 20 ปี 4 วัน",,"จำนวนวันที่ต่ออายุล่วงหน้า: 0 วัน
วันที่ต่ออายุ: 15 สิงหาคม 2569
วันสิ้นสุดความคุ้มครอง: 15 สิงหาคม 2569
วันเริ่มสัญญาฉบับปัจจุบัน: 15 สิงหาคม 2568"
ภายในวันที่หมดอายุ,SCK Personal,,"ชื่อ: ชัชนันท์ ภูภักดี
เลขบัตรประชาชน: 7325697638811
เบอร์โทรศัพท์: 0876229508
อีเมล: deborah@email.com
ว/ด/ป เกิด: 6 มิถุนายน 2546
อายุ: 23 ปี 70 วัน",,"จำนวนวันที่ต่ออายุล่วงหน้า: 0 วัน
วันที่ต่ออายุ: 15 สิงหาคม 2569
วันสิ้นสุดความคุ้มครอง: 15 สิงหาคม 2569
วันเริ่มสัญญาฉบับปัจจุบัน: 15 สิงหาคม 2568"
ภายในวันที่หมดอายุ,SCK Personal,,"ชื่อ: ศศิธร ตวงทอง
เลขบัตรประชาชน: 3885580467947
เบอร์โทรศัพท์: 0857494404
อีเมล: sara@email.com
ว/ด/ป เกิด: 13 พฤษภาคม 2545
อายุ: 24 ปี 94 วัน",,"จำนวนวันที่ต่ออายุล่วงหน้า: 0 วัน
วันที่ต่ออายุ: 15 สิงหาคม 2569
วันสิ้นสุดความคุ้มครอง: 15 สิงหาคม 2569
วันเริ่มสัญญาฉบับปัจจุบัน: 15 สิงหาคม 2568"
ภายในวันที่หมดอายุ,SCK Personal,,"ชื่อ: สีหราช นิลสลัว
เลขบัตรประชาชน: 5219503887827
เบอร์โทรศัพท์: 0894032591
อีเมล: phillip@email.com
ว/ด/ป เกิด: 17 กรกฎาคม 2547
อายุ: 22 ปี 29 วัน",,"จำนวนวันที่ต่ออายุล่วงหน้า: 0 วัน
วันที่ต่ออายุ: 15 สิงหาคม 2569
วันสิ้นสุดความคุ้มครอง: 15 สิงหาคม 2569
วันเริ่มสัญญาฉบับปัจจุบัน: 15 สิงหาคม 2568"
ภายในวันที่หมดอายุ,SCK Personal,,"ชื่อ: รอกีเย๊าะ พรสีมา
เลขบัตรประชาชน: 3785400084735
เบอร์โทรศัพท์: 0827193855
อีเมล: jeffrey@email.com
ว/ด/ป เกิด: 1 มีนาคม 2543
อายุ: 26 ปี 167 วัน",,"จำนวนวันที่ต่ออายุล่วงหน้า: 0 วัน
วันที่ต่ออายุ: 15 สิงหาคม 2569
วันสิ้นสุดความคุ้มครอง: 15 สิงหาคม 2569
วันเริ่มสัญญาฉบับปัจจุบัน: 15 สิงหาคม 2568"
ภายในวันที่หมดอายุ,SCK Personal,,"ชื่อ: ชัชเวศย์ ธนรักษ์
เลขบัตรประชาชน: 5853474206269
เบอร์โทรศัพท์: 0863172710
อีเมล: joseph@email.com
ว/ด/ป เกิด: 8 ตุลาคม 2548
อายุ: 20 ปี 311 วัน",,"จำนวนวันที่ต่ออายุล่วงหน้า: 0 วัน
วันที่ต่ออายุ: 15 สิงหาคม 2569
วันสิ้นสุดความคุ้มครอง: 15 สิงหาคม 2569
วันเริ่มสัญญาฉบับปัจจุบัน: 15 สิงหาคม 2568"
ภายในวันที่หมดอายุ,SCK Personal,,"ชื่อ: พันธุ์เทพ เขียวอ่อน
เลขบัตรประชาชน: 4707646995823
เบอร์โทรศัพท์: 0830479969
อีเมล: kelly@email.com
ว/ด/ป เกิด: 22 เมษายน 2549
อายุ: 20 ปี 115 วัน",,"จำนวนวันที่ต่ออายุล่วงหน้า: 0 วัน
วันที่ต่ออายุ: 15 สิงหาคม 2569
วันสิ้นสุดความคุ้มครอง: 15 สิงหาคม 2569
วันเริ่มสัญญาฉบับปัจจุบัน: 15 สิงหาคม 2568"
ภายในวันที่หมดอายุ,SCK Personal,,"ชื่อ: ปิ่นบุญญา นานายน
เลขบัตรประชาชน: 9502060114691
เบอร์โทรศัพท์: 0829375131
อีเมล: betty@email.com
ว/ด/ป เกิด: 19 เมษายน 2542
อายุ: 27 ปี 118 วัน",,"จำนวนวันที่ต่ออายุล่วงหน้า: 0 วัน
วันที่ต่ออายุ: 15 สิงหาคม 2569
วันสิ้นสุดความคุ้มครอง: 15 สิงหาคม 2569
วันเริ่มสัญญาฉบับปัจจุบัน: 15 สิงหาคม 2568"
ภายในวันที่หมดอายุ,SCK Personal,,"ชื่อ: จุฑารัตน์ พรสีมา
เลขบัตรประชาชน: 1446462265811
เบอร์โทรศัพท์: 0871219695
อีเมล: william@email.com
ว/ด/ป เกิด: 26 ตุลาคม 2545
อายุ: 23 ปี 293 วัน",,"จำนวนวันที่ต่ออายุล่วงหน้า: 0 วัน
วันที่ต่ออายุ: 15 สิงหาคม 2569
วันสิ้นสุดความคุ้มครอง: 15 สิงหาคม 2569
วันเริ่มสัญญาฉบับปัจจุบัน: 15 สิงหาคม 2568"
ภายในวันที่หมดอายุ,SCK Personal,,"ชื่อ: พรสวรรค์ ติระคมน์
เลขบัตรประชาชน: 1527299832210
เบอร์โทรศัพท์: 0889067415
อีเมล: john@email.com
ว/ด/ป เกิด: 24 ธันวาคม 2546
อายุ: 22 ปี 234 วัน",,"จำนวนวันที่ต่ออายุล่วงหน้า: 0 วัน
วันที่ต่ออายุ: 15 สิงหาคม 2569
วันสิ้นสุดความคุ้มครอง: 15 สิงหาคม 2569
วันเริ่มสัญญาฉบับปัจจุบัน: 15 สิงหาคม 2568"
ภายในวันที่หมดอายุ,SCK Personal,,"ชื่อ: บุญเอก ถนัดเดินข่าว
เลขบัตรประชาชน: 8133299265711
เบอร์โทรศัพท์: 0838903257
อีเมล: thomas@email.com
ว/ด/ป เกิด: 22 กุมภาพันธ์ 2544
อายุ: 25 ปี 174 วัน",,"จำนวนวันที่ต่ออายุล่วงหน้า: 0 วัน
วันที่ต่ออายุ: 15 สิงหาคม 2569
วันสิ้นสุดความคุ้มครอง: 15 สิงหาคม 2569
วันเริ่มสัญญาฉบับปัจจุบัน: 15 สิงหาคม 2568"
